Rating,Player,Salary,Pos,Min,Max,Team,Opp,Proj,Ceiling,Floor,Proj +/-,Pts/Sal,Full,PP,Pro,My,Opp +/-,Bargain,B2B,Rest,Pts,Opp Pts,ML,O/U,ML %,Open ...,PPG,+/-,Consistency,Upside,Duds,Count,PPG_2,Consistency_2,Duds_2,Upside_2,Count_2,G,A,Pts.1,TOI,Pts/60,S,S Att,Eff S%,S %,BLK,S+Blk,CorsiFor,C Agst,Fnk For,PP G,PP A,PP TOI,PP S,PP SA,PP Eff S%,SH G,SH A,ES G,ES A,PIM,EN G,S Pred,G_2,A_2,Pts_2,TOI_2,Pts/60_2,S_2,S Att_2,Eff S%_2,S %_2,Blk_2,S+Blk_2,Corsi For_2,Corsi Against_2,PP G_2,PP A_2,PP TOI_2,PP S_2,Corsi For_3,S+Blk_3,S_3,Blk_3,S Att_3,PP S Att_2,TOI_3,PP TOI_3,PP G_3,PP A_3,S Att Pred_2,SA,Opp SA Ag,SA Ag,Opp SA,PPs,PP%,Opp PKs,Opp PK%,Opp SA_2,Opp SA A,SA Ag_2,Opp SA_3,PPs_2,PP%_2,Opp PKs_2,Opp PK%_2,Opp SA_4,date
88.05,Sam Reinhart,$7300,W,,,FLA,PHI - D.Vladar,12.25,15.3,9.2,12.25,1.7,2F,1,9,0,0.4,7%,,,3.4,2.3,-225,5.5,94,-245,12.1,-0.8,73%,27%,18%,87,3.6,33%,33%,0%,3,0.49,0.53,1.02,20.69,2.96,2.75,4.36,0.63,0.18,0.87,3.62,15.81,12.14,11.47,0,0.01,3.24,0.63,1.01,0.62,0.01,0,0.48,0.52,0.33,0.05,2.52,0,0,0,18.23,,3,4,0.75,0,2,5,15,13,0,0,2.35,1,15,5,3,2,4,2,18.23,2.35,0,0,52.67,51.87,48.54,43.13,45.65,2.93,0.03,2.49,0.04,58,,41,,2,0,,,,2025-10-09
87.15,Mitch Marner,$6900,W,,,VGK,@SJ - A.Nedeljkovic,11.49,14.4,8.6,11.49,1.7,1F,1,6,0,2,16%,,,3.9,2.7,-214,6.5,89,-185,12.3,-0.1,77%,28%,19%,92,15.8,33%,0%,33%,3,0.31,0.92,1.22,21.37,3.43,2.02,3.08,0.66,0.15,0.6,2.62,13.99,15.09,10.09,0,0.07,3.16,0.39,0.61,0.63,0.01,0.01,0.29,0.83,0.17,0.02,2.89,0,2,2,22.8,5.26,3,4,0.75,0,1,4,13,9,0,0,4.87,1,13,4,3,1,4,1,22.8,4.87,0,0,52.43,52.2,52.6,49.21,44.74,2.3,0.02,3.14,0.04,51,,39,,6,0,,,,2025-10-09
86.76,Artemi Panarin,$7500,W,,,NYR,@BUF - A.Lyon,12.21,15.3,9.1,12.21,1.6,1F,1,8,0,1.6,3%,,,3.4,3.3,-115,6.5,82,-120,12.7,-1.3,60%,29%,33%,74,3,0%,33%,0%,3,0.46,0.64,1.1,19.62,3.36,2.95,4.88,0.61,0.15,0.14,3.09,16.63,14.53,12.17,0.02,0.04,3.2,0.74,1.33,0.55,0,0,0.43,0.6,0.2,0.05,2.49,0,0,0,20.78,,2,3,0.67,0,0,2,17,10,0,0,2.97,1,17,2,2,0,3,1,20.78,2.97,0,0,50.6,47.58,47.15,49.53,46.37,2.51,0.04,2.94,0.03,56,,56,,2,0,,,,2025-10-09
84.98,Pavel Dorofeyev,$5900,W,,,VGK,@SJ - A.Nedeljkovic,10.46,13.1,7.8,10.46,1.8,3F,1,23,0,2.5,4%,,,3.9,2.7,-214,6.5,89,-185,11,1.8,73%,29%,20%,91,43.3,33%,0%,33%,3,0.43,0.2,0.63,16.65,2.27,3.14,4.33,0.73,0.14,0.45,3.59,14.7,11.96,10.88,0.01,0,2.22,0.7,0.98,0.72,0,0,0.42,0.2,0.35,0,3.29,3,0,3,20.23,8.9,5,6,0.83,0.6,1,6,14,7,0,0,5.25,3,14,6,5,1,6,3,20.23,5.25,0,0,52.43,52.2,52.6,49.21,44.74,2.3,0.02,3.14,0.04,51,,39,,6,0,,,,2025-10-09
83.76,Mika Zibanejad,$6500,W,,,NYR,@BUF - A.Lyon,9.46,11.9,7,9.46,1.5,2F,1,24,0,1.6,1%,,,3.4,3.3,-115,6.5,82,-120,9.1,-0.8,60%,22%,36%,74,14.8,33%,0%,33%,3,0.24,0.51,0.75,18.74,2.4,2.29,3.84,0.6,0.11,0.57,2.86,12.27,13.74,9.04,0.01,0.04,2.92,0.76,1.24,0.61,0,0.01,0.23,0.46,0.27,0.01,3.83,0,0,0,20.07,,7,10,0.7,0,1,8,21,19,0,0,3.08,1,21,8,7,1,10,1,20.07,3.08,0,0,50.6,47.58,47.15,49.53,46.37,2.51,0.04,2.94,0.03,56,,56,,2,0,,,,2025-10-09
83.13,Kirill Kaprizov,$8000,W,,,MIN,@STL - J.Binnington,13.74,17.2,10.3,13.74,1.7,1F,1,9,0,1,4%,,,2.7,2.9,105,5.5,34,-110,16.6,0.3,36%,18%,19%,88,,0%,0%,0%,1,0.64,0.74,1.38,22.55,3.67,3.55,4.79,0.74,0.18,0.57,4.13,18.57,16.36,12.93,0,0.04,3.38,1.21,1.67,0.72,0,0,0.64,0.7,0.43,0.15,3.05,,,,,,,,,,,,,,,,,,,,,,,,,,,,47.58,46.83,47.48,51.6,44.93,2.49,0.02,2.41,0.04,,,,,,,,,,2025-10-09
82.34,Matt Boldy,$6800,W,,,MIN,@STL - J.Binnington,11.57,14.5,8.6,11.57,1.7,1F,1,7,0,1,5%,,,2.7,2.9,105,5.5,34,-110,12.7,0,79%,31%,19%,89,,0%,0%,0%,1,0.36,0.55,0.91,20.61,2.65,3.31,5.11,0.65,0.11,0.84,4.15,15.91,15.09,11.56,0,0.02,3.21,0.86,1.18,0.73,0,0,0.36,0.52,0.6,0.03,2.93,,,,,,,,,,,,,,,,,,,,,,,,,,,,47.58,46.83,47.48,51.6,44.93,2.49,0.02,2.41,0.04,,,,,,,,,,2025-10-09
82.28,Kyle Connor,$7900,W,,,WPG,DAL - J.Oettinger,13.75,17.2,10.3,13.75,1.7,1F,1,6,0,1.6,4%,,,2.8,2.8,-106,5.5,89,-110,14.5,0.3,74%,36%,24%,91,,0%,0%,0%,1,0.48,0.72,1.2,20.65,3.49,3.28,4.44,0.74,0.15,0.54,3.82,15.22,16.01,11.04,0.03,0.01,2.99,0.77,1.01,0.76,0.01,0,0.44,0.71,0.26,0.03,3.01,,,,,,,,,,,,,,,,,,,,,,,,,,,,48.96,47.98,49.08,47.66,47.31,2.78,0.03,2.86,0.02,,,,,,,,,,2025-10-09
82.22,Martin Necas,$6500,W,,,COL,UTA - K.Vejmelka,10.05,12.6,7.5,10.05,1.5,1F,1,9,0,-0.1,8%,,,3.8,2.9,-185,6.5,94,-162,10.9,-0.6,64%,26%,28%,88,22.8,33%,0%,33%,3,0.34,0.7,1.05,19.17,3.29,2.45,3.74,0.65,0.14,0.29,2.74,16.84,11.8,12.23,0.02,0.03,3.76,0.77,1,0.77,0,0,0.32,0.67,0.18,0.01,2.81,2,0,2,21.2,5.66,3,3,1,0.67,1,4,10,18,1,0,8.12,2,10,4,3,1,3,2,21.2,8.12,1,0,44.66,52.08,45.1,44.17,50.94,2.88,0.03,3.03,0.03,39,,48,,6,0.17,,,,2025-10-09
82.13,Mark Stone,$6600,W,,,VGK,@SJ - A.Nedeljkovic,9.3,11.7,6.9,9.3,1.4,2F,1,4,0,0,3%,,,3.9,2.7,-214,6.5,89,-185,10.5,-0.5,51%,23%,26%,91,15.8,33%,0%,33%,3,0.3,0.7,1,19.39,3.09,2.01,2.93,0.69,0.15,0.7,2.71,15.46,14.23,10.92,0.01,0.03,2.63,0.31,0.53,0.59,0,0,0.29,0.68,0.18,0.03,2.6,0,2,2,17.9,6.7,3,4,0.75,0,1,4,15,12,0,0,4.33,0,15,4,3,1,4,0,17.9,4.33,0,0,52.43,52.2,52.6,49.21,44.74,2.3,0.02,3.14,0.04,51,,39,,6,0,,,,2025-10-09
82.11,Nikita Kucherov,$8100,W,,,TB,OTT - L.Ullmark,13.87,17.4,10.4,13.87,1.7,1F,1,7,0,0,5%,,,3.8,2.9,-180,6.5,97,-162,16.3,0,67%,28%,25%,82,,0%,0%,0%,2,0.45,1.06,1.51,21.3,4.25,3.28,4.68,0.7,0.14,0.41,3.69,17.94,15.79,12.97,0.04,0.17,3.98,0.82,1.13,0.72,0,0,0.41,0.89,0.57,0.02,3.03,,,,,,,,,,,,,,,,,,,,,,,,,,,,47.46,47.18,46.89,46.02,46.86,2.9,0.07,2.78,0.04,,,,,,,,,,2025-10-09
81.68,Brandon Hagel,$6300,W,,,TB,OTT - L.Ullmark,9.59,12.1,7.1,9.59,1.5,2F,2,5,0,0.1,48%,,,3.8,2.9,-180,6.5,97,-162,12.5,1.2,70%,34%,25%,88,,0%,0%,0%,2,0.41,0.65,1.06,20.64,3.08,2.72,3.76,0.72,0.15,0.73,3.45,15.92,13.92,11.36,0,0.02,2.64,0.27,0.42,0.63,0,0,0.41,0.62,0.74,0.11,2.58,,,,,,,,,,,,,,,,,,,,,,,,,,,,47.46,47.18,46.89,46.02,46.86,2.9,0.07,2.78,0.04,,,,,,,,,,2025-10-09
81.29,David Pastrnak,$8400,W,,,BOS,CHI - A.Soderblom,15.17,19,11.4,15.17,1.8,1F,1,10,0,-1,1%,,,3.1,2.5,-160,5.5,79,-148,15.8,0.1,82%,31%,15%,73,24.5,33%,0%,33%,3,0.52,0.79,1.32,20.17,3.93,3.85,5.41,0.71,0.14,0.29,4.15,15.07,14.34,10.84,0,0.02,3.33,0.86,1.29,0.67,0,0,0.52,0.77,0.54,0.04,3.2,1,2,3,18.3,9.84,2,3,0.67,0.5,0,2,14,21,0,0,1.72,0,14,2,2,0,3,0,18.3,1.72,0,0,51.94,43.48,51.6,48.44,41,2.78,0,2.76,0.06,49,58,51,41,2,0,2,0,41,2025-10-09
81.14,Filip Forsberg,$7400,W,,,NAS,CLB - J.Greaves,11.94,15,8.9,11.94,1.6,1F,1,7,0,0.3,1%,,,3.4,3.3,-115,6.5,10,-142,12.8,-1,83%,32%,15%,83,,0%,0%,0%,1,0.38,0.55,0.93,18.63,3,3.44,5.29,0.65,0.11,0.63,4.07,14.28,13.78,10.22,0.02,0.01,3.21,0.95,1.38,0.69,0,0,0.35,0.54,0.54,0.04,3.15,,,,,,,,,,,,,,,,,,,,,,,,,,,,49.57,47.21,51.08,46.08,48.87,2.83,0.04,2.71,0.05,,,,,,,,,,2025-10-09
81.04,Artturi Lehkonen,$5600,W,,,COL,UTA - K.Vejmelka,8.65,10.9,6.4,8.65,1.5,1F,1,5,0,-0.1,5%,,,3.8,2.9,-185,6.5,94,-162,9.6,0.3,52%,29%,31%,86,17.8,33%,0%,33%,3,0.4,0.27,0.67,20.22,1.99,2.23,3.44,0.65,0.18,0.58,2.81,18.17,14.32,13.38,0.01,0,2.44,0.27,0.49,0.55,0.01,0,0.37,0.27,0.51,0.04,2.44,1,1,2,23.48,5.11,2,2,1,0.5,1,3,10,21,0,0,6.23,0,10,3,2,1,2,0,23.48,6.23,0,0,44.66,52.08,45.1,44.17,50.94,2.88,0.03,3.03,0.03,39,,48,,6,0.17,,,,2025-10-09
80.80,Boone Jenner,$5600,W,,,CLB,@NAS - J.Saros,9.09,11.5,6.7,9.09,1.6,2F,1,4,0,1.7,1%,,,3.3,3.4,-105,6.5,90,120,10.4,0.4,20%,10%,9%,83,,0%,0%,0%,1,0.3,0.44,0.74,17.84,2.49,2.74,4.16,0.66,0.11,0.67,3.41,15.54,14.21,11.25,0,0,1.86,0.54,0.67,0.81,0,0,0.3,0.44,0.15,0,2.4,,,,,,,,,,,,,,,,,,,,,,,,,,,,47.9,48.87,46.08,51.08,47.21,2.22,0.02,2.99,0.02,,,,,,,,,,2025-10-09
80.63,Seth Jarvis,$6200,W,,,CAR,NJD - J.Markstrom,10.58,13.3,7.9,10.58,1.7,1F,1,3,0,0.4,13%,,,3.2,2.5,-175,5.5,76,-162,12.4,1.4,67%,31%,21%,94,,0%,0%,0%,1,0.43,0.51,0.94,19.44,2.9,2.73,4.27,0.64,0.16,0.73,3.45,15.33,10.89,11,0.01,0.05,3.63,0.55,0.96,0.57,0.01,0.01,0.41,0.45,0.25,0.08,2.52,,,,,,,,,,,,,,,,,,,,,,,,,,,,52.49,56.8,47.33,40.44,48.22,3.11,0.04,2.85,0.04,,,,,,,,,,2025-10-09
80.58,Rickard Rakell,$6200,W,,,PIT,NYI - I.Sorokin,10.31,13,7.7,10.31,1.7,1F,1,10,0,0.2,1%,,,2.7,3,110,5.5,19,100,11.6,2,73%,38%,21%,78,8.6,33%,0%,0%,3,0.43,0.43,0.85,19.26,2.65,2.52,3.88,0.65,0.17,0.96,3.49,16.82,15.6,11.99,0.01,0.05,2.67,0.52,0.85,0.62,0,0,0.41,0.38,0.17,0.01,3.09,0,0,0,15.95,,4,4,1,0,2,6,15,15,0,0,0.75,0,15,6,4,2,4,0,15.95,0.75,0,0,52.07,48.81,49.68,48.96,49.47,2.66,0.06,2.23,0.03,56,,56,,1,0,,,,2025-10-09
80.45,Jake Guentzel,$7100,W,,,TB,OTT - L.Ullmark,10.89,13.7,8.1,10.89,1.5,1F,1,6,0,0,7%,,,3.8,2.9,-180,6.5,97,-162,12.9,-0.1,66%,35%,28%,87,,0%,0%,0%,2,0.52,0.49,1.01,20.15,3.01,2.73,3.83,0.71,0.19,0.64,3.36,16.26,14.91,11.79,0.05,0.07,3.66,0.78,1.03,0.76,0,0,0.47,0.42,0.35,0.05,2.76,,,,,,,,,,,,,,,,,,,,,,,,,,,,47.46,47.18,46.89,46.02,46.86,2.9,0.07,2.78,0.04,,,,,,,,,,2025-10-09
80.32,Mikko Rantanen,$7700,W,,,DAL,@WPG - C.Hellebuyck,11.07,13.9,8.2,11.07,1.4,1F,1,4,0,0.5,5%,,,2.8,2.8,-113,5.5,11,-110,12.2,-2,67%,21%,27%,98,,0%,0%,0%,1,0.41,0.69,1.1,21.16,3.12,2.62,4.1,0.64,0.16,0.65,3.27,17.18,15.87,11.95,0,0.01,3.81,0.68,1.14,0.59,0,0,0.41,0.68,0.7,0.1,2.49,,,,,,,,,,,,,,,,,,,,,,,,,,,,47.91,47.31,47.66,49.08,47.98,3.06,0.03,2.52,0.04,,,,,,,,,,2025-10-09
80.09,Carter Verhaeghe,$6700,W,,,FLA,PHI - D.Vladar,9.46,11.9,7,9.46,1.4,1F,2,24,0,-1.8,0%,,,3.4,2.3,-225,5.5,94,-245,9.1,-1.9,62%,20%,32%,88,7.3,33%,66%,33%,3,0.27,0.47,0.74,18.11,2.45,2.85,4.32,0.66,0.09,0.33,3.17,16.81,12.75,12.24,0.02,0.03,2.45,0.54,0.83,0.65,0,0,0.25,0.44,0.5,0.02,3.28,1,0,1,18.78,3.19,5,7,0.71,0.2,0,5,30,7,0,0,1.37,1,30,5,5,0,7,1,18.78,1.37,0,0,52.67,51.87,48.54,43.13,45.65,2.93,0.03,2.49,0.04,58,,41,,2,0,,,,2025-10-09
79.85,Cole Caufield,$6900,W,,,MTL,@DET - J.Gibson,10.06,12.7,7.5,10.06,1.5,1F,1,21,0,-2.3,5%,,,3.1,3.5,114,6.5,6,110,11.2,-0.6,76%,25%,22%,84,6,50%,0%,0%,2,0.45,0.39,0.84,18.19,2.77,3.03,4.4,0.69,0.15,0.35,3.39,15.05,14.24,10.9,0.01,0.01,3.03,0.59,0.83,0.71,0,0,0.44,0.38,0.16,0,2.98,0,0,0,20.38,,4,6,0.67,0,0,4,22,12,0,0,3.02,2,22,4,4,0,6,2,20.38,3.02,0,0,48.66,45.98,48.47,49.34,46.36,2.85,0.02,2.28,0.01,49,,47,,2,0,,,,2025-10-09
78.68,Alex Tuch,$6400,W,,,BUF,NYR - I.Shesterkin,10.05,12.6,7.5,10.05,1.6,2F,1,11,0,1.8,50%,,,3.3,3.4,-105,6.5,18,100,12.5,1.5,75%,34%,21%,78,,0%,0%,0%,2,0.45,0.38,0.83,19.2,2.59,2.43,3.83,0.63,0.19,1.36,3.79,12.95,13.24,9.34,0.01,0,2.35,0.33,0.63,0.53,0,0,0.44,0.38,0.5,0.03,2.78,,,,,,,,,,,,,,,,,,,,,,,,,,,,50.53,46.37,49.53,47.15,47.58,2.81,0.03,2.86,0.04,,56,,56,,,1,0,56,2025-10-09
78.17,Alex DeBrincat,$6300,W,,,DET,MTL - J.Dobes,11.5,14.4,8.6,11.5,1.8,2F,1,5,0,1.5,26%,,,3.5,3.1,-135,6.5,94,-130,11.4,0.8,72%,33%,25%,80,,0%,0%,0%,2,0.48,0.38,0.85,17.86,2.86,2.98,4.2,0.71,0.16,0.46,3.44,14.49,13.54,10.49,0.02,0.06,3,0.65,1.03,0.63,0,0,0.45,0.32,0.35,0.02,2.31,,,,,,,,,,,,,,,,,,,,,,,,,,,,47.5,46.36,49.34,48.47,45.98,2.89,0.05,3.09,0.04,,47,,49,,,2,0,49,2025-10-09
78.00,Valeri Nichushkin,$5800,W,,,COL,UTA - K.Vejmelka,8.6,10.9,6.3,8.6,1.5,2F,2,7,0,0.9,13%,,,3.8,2.9,-185,6.5,94,-162,10.3,0.4,48%,22%,20%,70,5.8,33%,0%,0%,3,0.46,0.27,0.73,19.54,2.24,2.6,3.77,0.69,0.18,0.5,3.1,15.74,13.13,10.85,0.02,0.04,3.05,0.51,0.8,0.64,0,0,0.44,0.23,0.15,0.06,2.56,0,0,0,14.68,,3,4,0.75,0,1,4,13,8,0,0,1.97,1,13,4,3,1,4,1,14.68,1.97,0,0,44.66,52.08,45.1,44.17,50.94,2.88,0.03,3.03,0.03,39,,48,,6,0.17,,,,2025-10-09
77.53,Brad Marchand,$6300,W,,,FLA,PHI - D.Vladar,9.82,12.4,7.3,9.82,1.6,1F,1,22,0,-1.8,1%,,,3.4,2.3,-225,5.5,94,-245,9.5,0.4,62%,25%,21%,87,6.3,66%,0%,0%,3,0.35,0.4,0.76,17.96,2.54,2.57,3.76,0.69,0.14,0.49,3.06,13.26,12.95,9.35,0,0.01,2.74,0.61,0.82,0.75,0,0,0.35,0.39,1.21,0.05,2.9,0,0,0,20.17,,4,5,0.8,0,0,4,28,6,0,0,2.4,2,28,4,4,0,5,2,20.17,2.4,0,0,52.67,51.87,48.54,43.13,45.65,2.93,0.03,2.49,0.04,58,,41,,2,0,,,,2025-10-09
77.44,Matt Coronato,$4600,W,,,CGY,@VAN - T.Demko,7.9,10,5.8,7.9,1.7,2F,1,12,0,0.1,16%,,,2.3,3.3,172,5.5,29,164,8.6,2,64%,36%,27%,85,6.5,33%,0%,0%,3,0.31,0.31,0.62,17.59,2.11,2.32,3.61,0.64,0.13,0.47,2.79,15.51,13.53,10.77,0,0.01,2.53,0.45,0.7,0.64,0,0,0.31,0.29,0.32,0.04,1.81,0,1,1,18.77,3.2,1,5,0.2,0,0,1,12,12,0,0,5.43,1,12,1,1,0,5,3,18.77,5.43,0,0,45.13,51.08,45.72,47.81,44.69,2.9,0.02,2.73,0.01,40,,45,,4,0,,,,2025-10-09
77.38,Kirill Marchenko,$6700,W,,,CLB,@NAS - J.Saros,9.52,12,7,9.52,1.4,1F,1,5,0,0,3%,,,3.3,3.4,-105,6.5,90,120,11.6,1.5,67%,28%,27%,84,,0%,0%,0%,1,0.39,0.54,0.93,18.51,3.01,2.59,3.86,0.67,0.15,0.48,3.06,16.7,14.85,12.14,0,0.03,2.55,0.5,0.79,0.63,0,0,0.39,0.51,0.25,0.04,2.55,,,,,,,,,,,,,,,,,,,,,,,,,,,,47.9,48.87,46.08,51.08,47.21,2.22,0.02,2.99,0.02,,,,,,,,,,2025-10-09
76.95,Timo Meier,$6700,W,,,NJD,@CAR - F.Andersen,8.88,11.2,6.5,8.88,1.3,2F,2,4,0,0.1,1%,,,2.5,3.2,145,5.5,24,136,11.2,0,67%,31%,27%,83,,0%,0%,0%,2,0.33,0.35,0.67,18.02,2.23,2.98,5,0.6,0.11,0.84,3.82,16.8,14.62,12.11,0.01,0.01,2.08,0.53,0.88,0.6,0,0,0.31,0.34,0.77,0.01,2.51,,,,,,,,,,,,,,,,,,,,,,,,,,,,44.76,48.22,40.44,47.33,56.8,2.67,0.06,2.96,0.01,,,,,,,,,,2025-10-09
76.93,Patrick Kane,$5800,W,,,DET,MTL - J.Dobes,9.73,12.2,7.2,9.73,1.7,2F,1,4,0,1.5,1%,,,3.5,3.1,-135,6.5,94,-130,9.1,-0.2,53%,23%,31%,80,,0%,0%,0%,2,0.29,0.53,0.82,17.98,2.74,2.43,3.59,0.68,0.12,0.32,2.75,13.52,14.24,9.77,0.06,0.03,3.04,0.7,1,0.7,0,0,0.24,0.5,0.17,0,2.04,,,,,,,,,,,,,,,,,,,,,,,,,,,,47.5,46.36,49.34,48.47,45.98,2.89,0.05,3.09,0.04,,47,,49,,,2,0,49,2025-10-09
76.79,J. Marchessault,$5500,W,,,NAS,CLB - J.Greaves,9.04,11.4,6.7,9.04,1.6,3F,1,2,0,0.6,7%,,,3.4,3.3,-115,6.5,10,-142,9.6,-0.1,65%,23%,26%,82,,0%,0%,0%,1,0.27,0.46,0.73,17.98,2.44,2.62,3.57,0.73,0.1,0.32,2.94,13.29,14.07,9.22,0.01,0.03,3.2,0.74,0.91,0.81,0,0,0.26,0.44,0.47,0.03,2.19,,,,,,,,,,,,,,,,,,,,,,,,,,,,49.57,47.21,51.08,46.08,48.87,2.83,0.04,2.71,0.05,,,,,,,,,,2025-10-09
76.66,Jaden Schwartz,$4900,W,,,SEA,ANA - L.Dostal,8.24,10.4,6,8.24,1.7,2F,2,4,0,2.4,5%,,,3.5,3.2,-128,6.5,34,-115,9.1,2.4,69%,35%,24%,82,,0%,0%,0%,1,0.33,0.29,0.61,17.9,2.04,2.41,3.65,0.66,0.13,0.53,2.94,14.55,14.19,10.42,0,0.01,2.42,0.42,0.61,0.69,0,0,0.33,0.28,0.3,0.03,2.4,,,,,,,,,,,,,,,,,,,,,,,,,,,,50.81,47.09,53.68,50.64,46.51,2.81,0.03,3.01,0.04,,,,,,,,,,2025-10-09
76.35,Anders Lee,$5400,W,,,NYI,@PIT - T.Jarry,8.27,10.5,6.1,8.27,1.5,2F,2,12,0,1.3,1%,,,3,2.7,-132,5.5,81,-120,10.7,2.2,70%,43%,28%,81,,0%,0%,0%,1,0.35,0.3,0.66,17.06,2.32,2.83,4.11,0.69,0.12,0.48,3.3,15.72,14.21,11.01,0,0.01,2.47,0.69,0.86,0.8,0,0,0.35,0.3,0.43,0.01,2.74,,,,,,,,,,,,,,,,,,,,,,,,,,,,51.99,49.47,48.96,49.68,48.81,2.56,0.01,2.65,0.03,,56,,56,,,2,0,56,2025-10-09
76.05,Will Cuylle,$4200,W,,,NYR,@BUF - A.Lyon,7.38,9.4,5.4,7.38,1.8,2F,2,8,0,1.6,55%,,,3.4,3.3,-115,6.5,82,-120,7.6,1.9,74%,36%,18%,74,2.8,0%,0%,0%,3,0.24,0.3,0.54,15.05,2.15,1.83,2.74,0.67,0.13,0.61,2.45,12.65,13.16,9.1,0,0.01,0.75,0.13,0.2,0.67,0,0,0.24,0.29,0.51,0,1.75,0,0,0,19.43,,1,2,0.5,0,1,2,28,24,0,0,0.78,0,28,2,1,1,2,0,19.43,0.78,0,0,50.6,47.58,47.15,49.53,46.37,2.51,0.04,2.94,0.03,56,,56,,2,0,,,,2025-10-09
75.71,Troy Terry,$5300,W,,,ANA,@SEA - J.Daccord,8.27,10.5,6.1,8.27,1.6,1F,1,2,0,0.1,1%,,,3.2,3.5,107,6.5,66,-105,9.1,0.1,60%,25%,27%,84,,0%,0%,0%,2,0.27,0.44,0.71,18.85,2.26,2.44,3.59,0.68,0.11,0.38,2.82,15.46,15.75,11.39,0.01,0.03,2.99,0.61,0.89,0.68,0,0,0.26,0.42,0.26,0.01,2.49,,,,,,,,,,,,,,,,,,,,,,,,,,,,49,46.51,50.64,53.68,47.09,2.74,0.02,2.35,0.02,,,,,,,,,,2025-10-09
75.26,Ryan O'Reilly,$5000,W,,,NAS,CLB - J.Greaves,8.75,11.1,6.4,8.75,1.8,1F,1,3,0,0.3,5%,,,3.4,3.3,-115,6.5,10,-142,8.8,1.1,62%,25%,30%,83,,0%,0%,0%,1,0.27,0.41,0.67,18.99,2.12,1.91,2.96,0.65,0.14,0.91,2.82,14.34,12.7,10.42,0.01,0.01,2.91,0.54,0.7,0.77,0,0,0.25,0.39,0.3,0.03,2.39,,,,,,,,,,,,,,,,,,,,,,,,,,,,49.57,47.21,51.08,46.08,48.87,2.83,0.04,2.71,0.05,,,,,,,,,,2025-10-09
75.21,Mikael Granlund,$4700,W,,,ANA,@SEA - J.Daccord,7.33,9.3,5.3,7.33,1.6,3F,1,2,0,0.9,8%,,,3.2,3.5,107,6.5,66,-105,9.9,1.2,60%,35%,31%,103,,0%,0%,0%,2,0.27,0.49,0.75,19.09,2.36,1.96,2.88,0.68,0.14,0.75,2.71,13.05,16.11,9.32,0,0.03,2.63,0.44,0.61,0.72,0.01,0,0.26,0.46,0.36,0.02,1.94,,,,,,,,,,,,,,,,,,,,,,,,,,,,49,46.51,50.64,53.68,47.09,2.74,0.02,2.35,0.02,,,,,,,,,,2025-10-09
74.88,Nikolaj Ehlers,$5500,W,,,CAR,NJD - J.Markstrom,9.82,12.4,7.3,9.82,1.8,1F,1,3,0,0.4,32%,,,3.2,2.5,-175,5.5,76,-162,11.4,1.2,60%,25%,17%,89,,0%,0%,0%,1,0.38,0.53,0.91,15.95,3.42,2.66,4.23,0.63,0.14,0.48,3.14,12.88,11.81,9.53,0,0,2.68,0.53,0.88,0.61,0,0,0.38,0.53,0.27,0.05,2.49,,,,,,,,,,,,,,,,,,,,,,,,,,,,52.49,56.8,47.33,40.44,48.22,3.11,0.04,2.85,0.04,,,,,,,,,,2025-10-09
74.80,Jordan Kyrou,$6400,W,,,STL,MIN - F.Gustavsson,10.01,12.6,7.4,10.01,1.6,2F,2,3,0,0.2,7%,,,2.9,2.7,-125,5.5,66,-110,11.2,0.3,71%,21%,26%,84,,0%,0%,0%,2,0.42,0.39,0.81,17.5,2.78,2.89,3.88,0.74,0.15,0.41,3.3,13.4,12.86,9.49,0,0.06,2.33,0.51,0.75,0.68,0,0,0.42,0.33,0.23,0.01,2.52,,,,,,,,,,,,,,,,,,,,,,,,,,,,48.69,44.93,51.6,47.48,46.83,2.49,0.04,2.47,0.04,,,,,,,,,,2025-10-09
74.53,Brady Tkachuk,$7000,W,,,OTT,@TB - A.Vasilevskiy,11.52,14.5,8.6,11.52,1.6,1F,1,7,0,-0.4,13%,,,2.9,3.8,150,6.5,3,136,13.4,-0.9,72%,22%,14%,90,,0%,0%,0%,2,0.42,0.37,0.79,18.24,2.6,4.08,5.83,0.7,0.1,0.44,4.51,15.59,13.2,11.28,0.03,0,3.28,1.13,1.49,0.76,0,0,0.4,0.37,1.65,0.01,3.35,,,,,,,,,,,,,,,,,,,,,,,,,,,,46.87,46.86,46.02,46.89,47.18,3.17,0.03,2.61,0.03,,,,,,,,,,2025-10-09
74.39,Juraj Slafkovsky,$4600,W,,,MTL,@DET - J.Gibson,7.93,10,5.8,7.93,1.7,1F,1,21,0,-2.3,55%,,,3.1,3.5,114,6.5,6,110,7.8,-0.2,57%,26%,33%,84,13.3,50%,0%,50%,2,0.24,0.39,0.62,17.52,2.12,1.82,3.04,0.6,0.13,0.75,2.58,14.73,14.17,10.65,0,0.01,3.14,0.41,0.68,0.6,0,0,0.24,0.38,0.58,0,3.45,0,0,0,19.7,,6,9,0.67,0,1,7,21,10,0,0,3.02,0,21,7,6,1,9,0,19.7,3.02,0,0,48.66,45.98,48.47,49.34,46.36,2.85,0.02,2.28,0.01,49,,47,,2,0,,,,2025-10-09
74.29,Dylan Holloway,$5700,W,,,STL,MIN - F.Gustavsson,8.56,10.8,6.3,8.56,1.5,2F,2,2,0,0.2,13%,,,2.9,2.7,-125,5.5,66,-110,10,2.7,61%,33%,19%,84,,0%,0%,0%,2,0.34,0.47,0.82,16.84,2.92,2.33,3.13,0.74,0.15,0.66,2.99,13.49,12.77,9.44,0.01,0.01,1.71,0.35,0.59,0.6,0,0,0.33,0.46,0.13,0.03,2.24,,,,,,,,,,,,,,,,,,,,,,,,,,,,48.69,44.93,51.6,47.48,46.83,2.49,0.04,2.47,0.04,,,,,,,,,,2025-10-09
74.02,Gabriel Vilardi,$5700,W,,,WPG,DAL - J.Oettinger,9.07,11.4,6.7,9.07,1.6,1F,1,3,0,1.6,50%,,,2.8,2.8,-106,5.5,89,-110,10.5,1.4,58%,35%,23%,91,,0%,0%,0%,1,0.35,0.46,0.81,18.31,2.65,1.89,2.7,0.7,0.19,0.73,2.61,14.26,14.88,10.36,0.03,0.03,3.04,0.64,0.86,0.75,0,0,0.33,0.44,0.23,0,2.31,,,,,,,,,,,,,,,,,,,,,,,,,,,,48.96,47.98,49.08,47.66,47.31,2.78,0.03,2.86,0.02,,,,,,,,,,2025-10-09
73.92,Clayton Keller,$6500,W,,,UTA,@COL - S.Wedgewood,9.71,12.2,7.2,9.71,1.5,1F,1,3,0,-0.5,26%,,,2.9,3.8,150,6.5,6,136,12.2,0.3,79%,25%,16%,83,,0%,0%,0%,2,0.36,0.75,1.11,19.14,3.48,2.7,4.26,0.63,0.13,0.36,3.06,14.93,12.75,10.69,0.01,0.05,3.53,0.63,1,0.63,0,0,0.35,0.7,0.3,0.05,2.41,,,,,,,,,,,,,,,,,,,,,,,,,,,,49.26,50.94,44.17,45.1,52.08,2.9,0.04,2.6,0.01,,48,,39,,,4,0,39,2025-10-09
73.30,Lucas Raymond,$6300,W,,,DET,MTL - J.Dobes,9.78,12.3,7.3,9.78,1.6,1F,1,3,0,-0.4,8%,,,3.5,3.1,-135,6.5,94,-130,10.2,0.7,72%,33%,23%,80,,0%,0%,0%,2,0.33,0.65,0.98,18.79,3.13,2.34,3.48,0.67,0.14,0.41,2.76,14.04,12.53,9.88,0,0.05,3.13,0.58,0.79,0.72,0,0,0.33,0.6,0.22,0.02,1.95,,,,,,,,,,,,,,,,,,,,,,,,,,,,47.5,46.36,49.34,48.47,45.98,2.89,0.05,3.09,0.04,,47,,49,,,2,0,49,2025-10-09
73.00,Dylan Guenther,$6100,W,,,UTA,@COL - S.Wedgewood,10.01,12.6,7.4,10.01,1.6,2F,1,5,0,-0.6,10%,,,2.9,3.8,150,6.5,6,136,11.2,0.5,62%,21%,19%,83,,0%,0%,0%,2,0.36,0.48,0.84,17,2.96,2.9,4.84,0.6,0.12,0.61,3.51,13.5,12.08,9.74,0.01,0,3.53,0.94,1.23,0.76,0,0,0.35,0.48,0.38,0,2.88,,,,,,,,,,,,,,,,,,,,,,,,,,,,49.26,50.94,44.17,45.1,52.08,2.9,0.04,2.6,0.01,,48,,39,,,4,0,39,2025-10-09
72.70,Blake Coleman,$4000,W,,,CGY,@VAN - T.Demko,6.95,8.9,5,6.95,1.7,3F,,1,0,0.5,26%,,,2.3,3.3,172,5.5,29,164,8.3,0.8,60%,29%,33%,87,12.8,33%,0%,33%,3,0.19,0.29,0.48,17.69,1.63,2.35,3.57,0.66,0.08,0.81,3.16,15.16,12.9,10.57,0.04,0,1.46,0.37,0.49,0.74,0,0,0.16,0.29,0.43,0.04,1.78,1,0,1,18.35,3.27,2,2,1,0.5,1,3,12,11,0,0,0,0,12,3,2,1,2,0,18.35,0,0,0,45.13,51.08,45.72,47.81,44.69,2.9,0.02,2.73,0.01,40,,45,,4,0,,,,2025-10-09
72.59,Steven Stamkos,$6000,W,,,NAS,CLB - J.Greaves,8.87,11.2,6.5,8.87,1.5,2F,1,4,0,1.2,0%,,,3.4,3.3,-115,6.5,10,-142,8.8,-1.4,53%,22%,45%,83,,0%,0%,0%,1,0.33,0.3,0.63,18,2.1,2.12,3.18,0.67,0.16,0.56,2.68,12.88,13.91,9.23,0.04,0.02,3.25,0.89,1.32,0.68,0,0,0.29,0.28,0.59,0,2.29,,,,,,,,,,,,,,,,,,,,,,,,,,,,49.57,47.21,51.08,46.08,48.87,2.83,0.04,2.71,0.05,,,,,,,,,,2025-10-09
72.59,Alexis Lafreniere,$4300,W,,,NYR,@BUF - A.Lyon,7.6,9.6,5.6,7.6,1.8,1F,2,17,0,1.6,32%,,,3.4,3.3,-115,6.5,82,-120,6.9,-1.6,50%,27%,44%,74,12,33%,0%,33%,3,0.2,0.34,0.54,16.94,1.91,1.89,2.97,0.64,0.11,0.33,2.22,15.58,14.11,11.04,0,0.01,1.61,0.28,0.39,0.7,0,0,0.2,0.33,0.46,0,3.64,0,0,0,15.98,,6,6,1,0,0,6,9,11,0,0,1.65,1,9,6,6,0,6,1,15.98,1.65,0,0,50.6,47.58,47.15,49.53,46.37,2.51,0.04,2.94,0.03,56,,56,,2,0,,,,2025-10-09
72.54,Kyle Palmieri,$5100,W,,,NYI,@PIT - T.Jarry,8.24,10.4,6,8.24,1.6,2F,1,9,0,1.3,1%,,,3,2.7,-132,5.5,81,-120,8.2,-0.2,59%,29%,38%,81,,0%,0%,0%,1,0.29,0.29,0.59,18.51,1.91,2.05,3.35,0.61,0.14,0.59,2.63,13.8,15.47,9.92,0,0,2.42,0.38,0.61,0.62,0,0,0.29,0.29,0.24,0.01,2.35,,,,,,,,,,,,,,,,,,,,,,,,,,,,51.99,49.47,48.96,49.68,48.81,2.56,0.01,2.65,0.03,,56,,56,,,2,0,56,2025-10-09
72.52,Pavel Zacha,$4800,W,,,BOS,CHI - A.Soderblom,7.03,9,5.1,7.03,1.5,2F,1,5,0,0.8,5%,,,3.1,2.5,-160,5.5,79,-148,6.7,-0.6,58%,17%,33%,75,9.3,33%,0%,0%,3,0.16,0.41,0.57,19.01,1.8,1.61,2.42,0.66,0.1,0.33,1.94,12.97,13.64,9.13,0,0.01,2.43,0.32,0.5,0.65,0,0,0.16,0.4,0.26,0.01,2,0,1,1,16.9,3.55,2,2,1,0,1,3,13,12,0,0,1.77,0,13,3,2,1,2,0,16.9,1.77,0,0,51.94,43.48,51.6,48.44,41,2.78,0,2.76,0.06,49,58,51,41,2,0,2,0,41,2025-10-09
72.43,Dmitri Voronkov,$4800,W,,,CLB,@NAS - J.Saros,6.94,8.8,5,6.94,1.4,1F,2,2,0,0,4%,,,3.3,3.4,-105,6.5,90,120,8.8,1,57%,23%,28%,84,,0%,0%,0%,1,0.3,0.34,0.64,16.71,2.3,2.11,3.26,0.65,0.14,0.65,2.76,15.29,14.38,11.09,0.01,0.01,2.04,0.43,0.62,0.69,0,0,0.28,0.32,0.74,0.01,2.31,,,,,,,,,,,,,,,,,,,,,,,,,,,,47.9,48.87,46.08,51.08,47.21,2.22,0.02,2.99,0.02,,,,,,,,,,2025-10-09
72.34,Tage Thompson,$7200,W,,,BUF,NYR - I.Shesterkin,12.27,15.4,9.2,12.27,1.7,1F,1,10,0,-1.4,10%,,,3.3,3.4,-105,6.5,18,100,13.2,0.1,76%,24%,11%,78,,0%,0%,0%,2,0.58,0.38,0.96,18.71,3.08,3.19,4.64,0.69,0.18,0.39,3.58,15.03,14.4,10.74,0,0.03,2.95,0.77,1.06,0.73,0,0,0.58,0.35,0.45,0.03,2.76,,,,,,,,,,,,,,,,,,,,,,,,,,,,50.53,46.37,49.53,47.15,47.58,2.81,0.03,2.86,0.04,,56,,56,,,1,0,56,2025-10-09
71.69,Frank Vatrano,$5500,W,,,ANA,@SEA - J.Daccord,7.38,9.4,5.4,7.38,1.3,3F,,2,0,0.9,2%,,,3.2,3.5,107,6.5,66,-105,9.6,-0.2,65%,26%,28%,84,,0%,0%,0%,2,0.26,0.3,0.56,17.55,1.91,2.88,4.1,0.7,0.09,0.85,3.73,14.05,14.56,10.32,0,0,2.66,0.54,0.77,0.69,0,0,0.26,0.3,0.99,0.04,2.29,,,,,,,,,,,,,,,,,,,,,,,,,,,,49,46.51,50.64,53.68,47.09,2.74,0.02,2.35,0.02,,,,,,,,,,2025-10-09
71.50,Jared McCann,$5700,W,,,SEA,ANA - L.Dostal,9.79,12.3,7.3,9.79,1.7,1F,1,5,0,-1.4,5%,,,3.5,3.2,-128,6.5,34,-115,10,0.3,67%,26%,29%,82,,0%,0%,0%,1,0.27,0.48,0.75,17.24,2.61,2.46,3.91,0.63,0.11,0.62,3.07,11.53,12.4,8.29,0,0.04,2.63,0.58,0.97,0.59,0,0,0.27,0.44,0.22,0.05,2.6,,,,,,,,,,,,,,,,,,,,,,,,,,,,50.81,47.09,53.68,50.64,46.51,2.81,0.03,3.01,0.04,,,,,,,,,,2025-10-09
71.33,Jason Robertson,$6200,W,,,DAL,@WPG - C.Hellebuyck,9.18,11.6,6.8,9.18,1.5,2F,1,3,0,-2.1,39%,,,2.8,2.8,-113,5.5,11,-110,11.1,-0.1,57%,27%,31%,98,,0%,0%,0%,1,0.42,0.51,0.92,17.56,3.14,2.52,3.46,0.73,0.17,0.56,3.08,13.43,13.63,9.7,0.01,0.01,2.86,0.78,1.04,0.75,0,0,0.41,0.49,0.22,0.02,2.17,,,,,,,,,,,,,,,,,,,,,,,,,,,,47.91,47.31,47.66,49.08,47.98,3.06,0.03,2.52,0.04,,,,,,,,,,2025-10-09
71.17,Ville Koivunen,$4300,W,,,PIT,NYI - I.Sorokin,7.64,9.7,5.6,7.64,1.8,1F,2,2,0,0.2,8%,,,2.7,3,110,5.5,19,100,8.2,3.4,70%,50%,10%,10,1.3,0%,33%,0%,3,0,0.78,0.78,17.71,2.64,1.67,2.38,0.7,0,1,2.67,13,13.57,10.14,0,0,2.51,0.25,0.38,0.67,0,0,0,0.78,0.44,0,1.61,0,0,0,14.52,,0,1,0,,1,1,13,16,0,0,0.65,0,13,1,0,1,1,0,14.52,0.65,0,0,52.07,48.81,49.68,48.96,49.47,2.66,0.06,2.23,0.03,56,,56,,1,0,,,,2025-10-09
71.10,Jesper Bratt,$6600,W,,,NJD,@CAR - F.Andersen,8.94,11.3,6.6,8.94,1.4,1F,1,2,0,-0.7,10%,,,2.5,3.2,145,5.5,24,136,10.9,-0.5,73%,24%,22%,83,,0%,0%,0%,2,0.26,0.81,1.07,19.17,3.35,2.3,3.63,0.63,0.11,0.51,2.81,14.79,13.7,10.22,0.01,0.06,3.02,0.41,0.56,0.73,0.01,0.01,0.24,0.74,0.21,0.04,2.31,,,,,,,,,,,,,,,,,,,,,,,,,,,,44.76,48.22,40.44,47.33,56.8,2.67,0.06,2.96,0.01,,,,,,,,,,2025-10-09
70.96,Ivan Barbashev,$4900,W,,,VGK,@SJ - A.Nedeljkovic,6.95,8.8,5.1,6.95,1.4,1F,2,5,0,2,50%,,,3.9,2.7,-214,6.5,89,-185,7.7,0.3,52%,28%,27%,91,16.5,33%,0%,33%,3,0.3,0.37,0.67,16.88,2.38,1.55,2.55,0.61,0.2,0.48,2.02,15.76,15.89,11.28,0,0,0.98,0.08,0.15,0.55,0,0,0.3,0.37,0.2,0.02,2.48,1,1,2,15.83,7.58,2,3,0.67,0.5,0,2,13,14,0,0,2.1,0,13,2,2,0,3,0,15.83,2.1,0,0,52.43,52.2,52.6,49.21,44.74,2.3,0.02,3.14,0.04,51,,39,,6,0,,,,2025-10-09
70.88,Cole Sillinger,$3900,W,,,CLB,@NAS - J.Saros,6.31,8.1,4.5,6.31,1.6,2F,2,3,0,1.7,10%,,,3.3,3.4,-105,6.5,90,120,6.9,0.5,50%,27%,26%,84,,0%,0%,0%,1,0.16,0.33,0.49,16.79,1.75,1.94,2.71,0.72,0.08,0.54,2.48,11.49,14.26,8.21,0,0,1.42,0.3,0.4,0.75,0,0.01,0.16,0.31,0.52,0.01,2,,,,,,,,,,,,,,,,,,,,,,,,,,,,47.9,48.87,46.08,51.08,47.21,2.22,0.02,2.99,0.02,,,,,,,,,,2025-10-09
70.75,Jason Zucker,$4400,W,,,BUF,NYR - I.Shesterkin,7.47,9.5,5.5,7.47,1.7,2F,1,10,0,1.8,26%,,,3.3,3.4,-105,6.5,18,100,8.2,0.9,53%,29%,33%,78,,0%,0%,0%,2,0.3,0.45,0.75,16.07,2.8,1.99,3.09,0.64,0.15,0.31,2.3,12.04,13.16,9.01,0.03,0.01,2.86,0.48,0.71,0.68,0,0,0.27,0.44,0.8,0,2.56,,,,,,,,,,,,,,,,,,,,,,,,,,,,50.53,46.37,49.53,47.15,47.58,2.81,0.03,2.86,0.04,,56,,56,,,1,0,56,2025-10-09
70.46,Mason Marchment,$4900,W,,,SEA,ANA - L.Dostal,7.15,9.1,5.2,7.15,1.5,3F,2,3,0,1,7%,,,3.5,3.2,-128,6.5,34,-115,8.5,0.9,47%,30%,24%,98,,0%,0%,0%,1,0.29,0.36,0.65,15.32,2.54,2.1,2.97,0.71,0.14,0.41,2.51,13.07,13.11,9.14,0,0.05,1.84,0.32,0.57,0.56,0,0,0.29,0.31,0.89,0.03,2.12,,,,,,,,,,,,,,,,,,,,,,,,,,,,50.81,47.09,53.68,50.64,46.51,2.81,0.03,3.01,0.04,,,,,,,,,,2025-10-09
70.46,Brock Boeser,$5100,W,,,VAN,CGY - D.Cooley,9.13,11.5,6.7,9.13,1.8,1F,1,4,0,0.2,16%,,,3.3,2.3,-210,5.5,71,-198,8.1,-1.9,45%,21%,42%,83,,0%,0%,0%,2,0.33,0.33,0.67,18.16,2.21,1.95,3.03,0.64,0.17,0.45,2.4,13,13.65,9.01,0.01,0.03,3.3,0.56,0.94,0.59,0,0,0.32,0.31,0.21,0,2.91,,,,,,,,,,,,,,,,,,,,,,,,,,,,45.74,44.69,47.81,45.72,51.08,2.75,0.03,2.77,0.03,,45,,40,,,4,0.25,40,2025-10-09
70.37,Tyler Toffoli,$6000,W,,,SJ,VGK - A.Schmid,9.32,11.8,6.9,9.32,1.6,2F,1,4,0,-0.3,2%,,,2.7,3.9,177,6.5,11,154,10.6,1.8,64%,37%,26%,87,,0%,0%,0%,3,0.38,0.31,0.69,16.93,2.45,2.99,4.07,0.73,0.13,0.41,3.4,13.63,13.16,9.51,0.01,0.06,3.05,0.68,0.97,0.69,0,0,0.37,0.24,0.18,0.03,2.37,,,,,,,,,,,,,,,,,,,,,,,,,,,,44,44.74,49.21,52.6,52.2,2.77,0.02,2.1,0.03,,39,,51,,,1,0,51,2025-10-09
70.30,Morgan Geekie,$5900,W,,,BOS,CHI - A.Soderblom,9.34,11.8,6.9,9.34,1.6,1F,1,6,0,-1,0%,,,3.1,2.5,-160,5.5,79,-148,9.1,2.1,72%,41%,16%,75,16.3,33%,0%,33%,3,0.44,0.32,0.77,16.98,2.72,1.96,2.99,0.66,0.23,0.39,2.35,14.65,14.15,10.28,0,0.01,1.8,0.23,0.41,0.55,0,0,0.44,0.31,0.29,0.03,2.55,1,1,2,17.12,7.01,1,3,0.33,1,1,2,14,22,0,0,1.12,0,14,2,1,1,3,1,17.12,1.12,0,0,51.94,43.48,51.6,48.44,41,2.78,0,2.76,0.06,49,58,51,41,2,0,2,0,41,2025-10-09
70.23,Andrei Svechnikov,$5400,W,,,CAR,NJD - J.Markstrom,8.66,10.9,6.4,8.66,1.6,2F,1,2,0,-0.2,16%,,,3.2,2.5,-175,5.5,76,-162,9.3,-1.1,50%,16%,35%,96,,0%,0%,0%,1,0.32,0.37,0.69,17.28,2.39,2.52,3.99,0.63,0.13,0.28,2.79,15.64,11.81,10.75,0.02,0.01,3.4,0.61,1.05,0.58,0,0,0.3,0.36,0.93,0.08,2.24,,,,,,,,,,,,,,,,,,,,,,,,,,,,52.49,56.8,47.33,40.44,48.22,3.11,0.04,2.85,0.04,,,,,,,,,,2025-10-09
70.18,Travis Konecny,$7000,W,,,PHI,@FLA - S.Bobrovsky,8.46,10.7,6.2,8.46,1.2,1F,1,5,0,-0.9,3%,,,2.3,3.4,184,5.5,6,200,10.3,-1.1,59%,27%,38%,81,,0%,0%,0%,2,0.29,0.63,0.93,20.6,2.71,2.29,3.61,0.63,0.13,0.51,2.8,14.6,15.65,10.55,0,0,2.78,0.5,0.82,0.61,0,0,0.29,0.63,0.65,0.04,1.87,,,,,,,,,,,,,,,,,,,,,,,,,,,,44.11,45.65,43.13,48.54,51.87,2.64,0.03,3.06,0.03,,41,,58,,,3,0,58,2025-10-09
70.16,Joel Farabee,$3000,W,,,CGY,@VAN - T.Demko,6.47,8.3,4.7,6.47,2.2,1F,1,3,0,0,48%,,,2.3,3.3,172,5.5,29,164,5.6,0,59%,20%,26%,84,2.8,0%,0%,0%,3,0.13,0.17,0.3,14.98,1.2,1.85,2.39,0.78,0.07,0.62,2.48,12.43,12.63,8.63,0,0,1.47,0.14,0.22,0.63,0,0,0.13,0.17,0.41,0.02,1.91,0,0,0,20.5,,1,2,0.5,0,1,2,11,19,0,0,5.07,0,11,2,1,1,2,0,20.5,5.07,0,0,45.13,51.08,45.72,47.81,44.69,2.9,0.02,2.73,0.01,40,,45,,4,0,,,,2025-10-09
69.76,Evander Kane,$5200,W,,,VAN,CGY - D.Cooley,8.45,10.7,6.2,8.45,1.6,3F,1,1,0,0.1,0%,,,3.3,2.3,-210,5.5,71,-198,8.1,0.3,10%,4%,4%,104,3,0%,66%,0%,3,0.29,0.29,0.57,16.48,2.08,2.24,3.6,0.62,0.13,0.33,2.57,15,16.29,11.18,0,0,0.69,0.28,0.28,1,0,0,0.29,0.29,2.1,0,2.14,,,,,,,,,,,,,,,,,,,,,,,,,,,,45.74,44.69,47.81,45.72,51.08,2.75,0.03,2.77,0.03,,45,,40,,,4,0.25,40,2025-10-09
69.72,Conor Garland,$4400,W,,,VAN,CGY - D.Cooley,8.15,10.3,6,8.15,1.9,2F,2,2,0,-0.6,13%,,,3.3,2.3,-210,5.5,71,-198,8.2,0,61%,21%,28%,83,,0%,0%,0%,2,0.23,0.37,0.6,18.65,1.93,2.11,3.33,0.63,0.11,0.72,2.83,12.55,12.41,8.92,0.02,0,2.88,0.37,0.6,0.61,0,0,0.21,0.37,0.64,0.01,2.1,,,,,,,,,,,,,,,,,,,,,,,,,,,,45.74,44.69,47.81,45.72,51.08,2.75,0.03,2.77,0.03,,45,,40,,,4,0.25,40,2025-10-09
69.69,William Eklund,$5300,W,,,SJ,VGK - A.Schmid,8.16,10.3,6,8.16,1.5,2F,1,3,0,-0.3,50%,,,2.7,3.9,177,6.5,11,154,8.7,1.3,60%,33%,21%,87,,0%,0%,0%,3,0.22,0.53,0.75,19.55,2.3,1.96,3.33,0.59,0.11,0.6,2.56,15.01,14.44,10.69,0.03,0,2.8,0.42,0.84,0.5,0,0.01,0.19,0.52,0.38,0.01,1.86,,,,,,,,,,,,,,,,,,,,,,,,,,,,44,44.74,49.21,52.6,52.2,2.77,0.02,2.1,0.03,,39,,51,,,1,0,51,2025-10-09
68.54,Jake DeBrusk,$5000,W,,,VAN,CGY - D.Cooley,9.22,11.6,6.8,9.22,1.8,1F,1,4,0,0.2,5%,,,3.3,2.3,-210,5.5,71,-198,8,0.1,59%,28%,37%,83,,0%,0%,0%,2,0.34,0.24,0.59,16.65,2.13,2.07,2.95,0.7,0.16,0.59,2.66,11.51,12.67,8.05,0.02,0.01,2.56,0.66,0.91,0.73,0,0,0.32,0.23,0.22,0,2.97,,,,,,,,,,,,,,,,,,,,,,,,,,,,45.74,44.69,47.81,45.72,51.08,2.75,0.03,2.77,0.03,,45,,40,,,4,0.25,40,2025-10-09
68.40,Connor Zary,$3100,W,,,CGY,@VAN - T.Demko,6.49,8.3,4.7,6.49,2.1,3F,2,3,0,0.5,90%,,,2.3,3.3,172,5.5,29,164,7,0.9,43%,24%,13%,86,13,33%,0%,33%,3,0.25,0.25,0.51,16.04,1.91,2.07,2.92,0.71,0.12,0.47,2.55,14.24,12.65,9.73,0,0.02,2.18,0.37,0.47,0.78,0,0,0.25,0.24,0.25,0.02,2.21,1,0,1,14.37,4.18,3,3,1,0.33,0,3,10,8,0,0,1.68,1,10,3,3,0,3,1,14.37,1.68,0,0,45.13,51.08,45.72,47.81,44.69,2.9,0.02,2.73,0.01,40,,45,,4,0,,,,2025-10-09
68.25,Ryan Donato,$4000,W,,,CHI,@BOS - J.Korpisalo,6.68,8.5,4.8,6.68,1.7,3F,2,2,0,0.6,80%,,,2.5,3.1,135,5.5,21,124,9.5,2.1,65%,34%,29%,81,1.5,0%,33%,0%,3,0.39,0.39,0.78,16.26,2.88,2.28,3.35,0.68,0.17,0.2,2.48,12.01,14.24,8.59,0,0.01,1.87,0.28,0.39,0.7,0,0,0.39,0.38,0.51,0.03,1.65,0,0,0,16,,1,3,0.33,0,0,1,15,16,0,0,1.93,1,15,1,1,0,3,1,16,1.93,0,0,46,41,48.44,51.6,43.48,2.33,0.05,2.88,0.03,41,51,58,49,3,0,5,0,49,2025-10-09
68.13,Pavel Buchnevich,$5600,W,,,STL,MIN - F.Gustavsson,8.18,10.3,6,8.18,1.5,1F,1,2,0,-0.2,8%,,,2.9,2.7,-125,5.5,66,-110,9,0.7,59%,22%,28%,84,,0%,0%,0%,2,0.28,0.51,0.79,19.16,2.47,1.9,2.84,0.67,0.15,0.44,2.34,13.57,14.16,9.89,0.01,0,2.37,0.3,0.45,0.67,0,0.01,0.27,0.5,0.45,0.02,2.18,,,,,,,,,,,,,,,,,,,,,,,,,,,,48.69,44.93,51.6,47.48,46.83,2.49,0.04,2.47,0.04,,,,,,,,,,2025-10-09
68.01,O. Bjorkstrand,$4100,W,,,TB,OTT - L.Ullmark,7.2,9.2,5.2,7.2,1.8,3F,1,2,0,0.3,13%,,,3.8,2.9,-180,6.5,97,-162,6.9,0.1,57%,22%,26%,89,,0%,0%,0%,2,0.27,0.32,0.59,15.18,2.33,1.92,2.74,0.7,0.14,0.33,2.26,12.2,11.14,8.63,0,0.01,2.33,0.41,0.65,0.64,0,0,0.27,0.31,0.23,0,1.75,,,,,,,,,,,,,,,,,,,,,,,,,,,,47.46,47.18,46.89,46.02,46.86,2.9,0.07,2.78,0.04,,,,,,,,,,2025-10-09
67.65,Matvei Gridin,$3200,W,,,CGY,@VAN - T.Demko,5.27,6.8,3.8,5.27,1.6,2F,2,18,0,0.1,5%,,,2.3,3.3,172,5.5,29,164,20.3,,33%,33%,0%,3,20.3,33%,0%,33%,3,1,0,1,15.42,3.89,5,5,1,0.2,1,6,13,10,8,0,0,1.65,0,0,,0,0,1,0,0,0,3.59,1,0,1,15.42,3.89,5,5,1,0.2,1,6,13,10,0,0,1.65,0,13,6,5,1,5,0,15.42,1.65,0,0,45.13,51.08,45.72,47.81,44.69,2.9,0.02,2.73,0.01,40,,45,,4,0,,,,2025-10-09
67.58,Gabriel Landeskog,$5000,W,,,COL,UTA - K.Vejmelka,7.49,9.5,5.5,7.49,1.5,2F,2,5,0,0.9,7%,,,3.8,2.9,-185,6.5,94,-162,8.2,0.2,2%,2%,3%,85,1.5,0%,33%,0%,3,0.17,0.5,0.67,16.22,2.48,1.83,2.67,0.69,0.09,0.5,2.33,17.5,10.5,13.33,0,0,3.07,0.17,0.33,0.5,0,0,0.17,0.5,0,0,1.76,0,0,0,11.2,,1,2,0.5,0,0,1,11,5,0,0,1.8,0,11,1,1,0,2,0,11.2,1.8,0,0,44.66,52.08,45.1,44.17,50.94,2.88,0.03,3.03,0.03,39,,48,,6,0.17,,,,2025-10-09
67.55,JJ Peterka,$4400,W,,,UTA,@COL - S.Wedgewood,8.14,10.3,6,8.14,1.9,2F,2,4,0,-0.6,90%,,,2.9,3.8,150,6.5,6,136,9.6,0.3,63%,25%,26%,76,,0%,0%,0%,2,0.36,0.53,0.89,18.39,2.9,2.28,3.64,0.63,0.16,0.21,2.49,13.87,14.62,10.2,0,0.07,2.96,0.4,0.63,0.64,0,0,0.36,0.47,0.45,0.01,2.57,,,,,,,,,,,,,,,,,,,,,,,,,,,,49.26,50.94,44.17,45.1,52.08,2.9,0.04,2.6,0.01,,48,,39,,,4,0,39,2025-10-09
67.39,Fabian Zetterlund,$3800,W,,,OTT,@TB - A.Vasilevskiy,6.58,8.4,4.8,6.58,1.7,1F,2,3,0,-0.4,26%,,,2.9,3.8,150,6.5,3,136,8.3,1.2,63%,36%,29%,95,,0%,0%,0%,2,0.21,0.24,0.46,16.15,1.71,2.11,3.27,0.64,0.1,0.92,3.03,13,14.95,9.12,0.01,0,1.83,0.37,0.53,0.7,0,0,0.2,0.24,0.16,0,2.36,,,,,,,,,,,,,,,,,,,,,,,,,,,,46.87,46.86,46.02,46.89,47.18,3.17,0.03,2.61,0.03,,,,,,,,,,2025-10-09
67.38,Cutter Gauthier,$5300,W,,,ANA,@SEA - J.Daccord,7.86,10,5.8,7.86,1.5,2F,2,2,0,-0.1,13%,,,3.2,3.5,107,6.5,66,-105,8.3,1.6,69%,32%,27%,83,,0%,0%,0%,2,0.24,0.29,0.54,14.16,2.29,2.32,3.86,0.6,0.11,0.62,2.94,12.05,13.81,8.82,0,0.04,1.59,0.31,0.5,0.61,0,0,0.24,0.26,0.24,0,2.17,,,,,,,,,,,,,,,,,,,,,,,,,,,,49,46.51,50.64,53.68,47.09,2.74,0.02,2.35,0.02,,,,,,,,,,2025-10-09
67.01,Teuvo Teravainen,$4200,W,,,CHI,@BOS - J.Korpisalo,6.31,8.1,4.6,6.31,1.5,2F,1,3,0,0.8,32%,,,2.5,3.1,135,5.5,21,124,6.9,-0.7,53%,25%,44%,81,17.6,33%,0%,33%,3,0.18,0.54,0.72,16.97,2.55,1.35,2,0.68,0.14,0.37,1.72,10.2,11.49,7.21,0.02,0.07,2.37,0.25,0.38,0.64,0,0,0.16,0.46,0.15,0.01,1.94,1,1,2,18.08,6.64,1,1,1,1,2,3,11,16,0,0,3.97,0,11,3,1,2,1,0,18.08,3.97,0,0,46,41,48.44,51.6,43.48,2.33,0.05,2.88,0.03,41,51,58,49,3,0,5,0,49,2025-10-09
67.00,Tyler Bertuzzi,$3400,W,,,CHI,@BOS - J.Korpisalo,6.55,8.4,4.7,6.55,1.9,2F,1,4,0,0.8,55%,,,2.5,3.1,135,5.5,21,124,7,0.6,56%,24%,37%,81,11.5,33%,0%,33%,3,0.28,0.3,0.59,15.95,2.22,1.59,2.47,0.64,0.18,0.34,1.93,10.16,13.58,7.12,0.04,0,2.49,0.38,0.67,0.56,0,0,0.24,0.3,0.62,0,1.98,0,2,2,19.17,6.26,1,1,1,0,0,1,10,16,0,0,4.03,0,10,1,1,0,1,0,19.17,4.03,0,0,46,41,48.44,51.6,43.48,2.33,0.05,2.88,0.03,41,51,58,49,3,0,5,0,49,2025-10-09
66.91,Kent Johnson,$5400,W,,,CLB,@NAS - J.Saros,7.82,9.9,5.7,7.82,1.4,3F,1,1,0,-0.2,10%,,,3.3,3.4,-105,6.5,90,120,9,1.1,57%,27%,23%,84,,0%,0%,0%,1,0.35,0.49,0.84,17.23,2.93,1.78,2.57,0.69,0.2,0.43,2.22,12.77,12.82,9.05,0,0,2.48,0.25,0.33,0.75,0,0,0.35,0.49,0.23,0,1.71,,,,,,,,,,,,,,,,,,,,,,,,,,,,47.9,48.87,46.08,51.08,47.21,2.22,0.02,2.99,0.02,,,,,,,,,,2025-10-09
66.88,Michael Bunting,$3800,W,,,NAS,CLB - J.Greaves,7.03,9,5.1,7.03,1.9,3F,2,2,0,0.6,16%,,,3.4,3.3,-115,6.5,10,-142,7,0.8,64%,27%,25%,81,,0%,0%,0%,1,0.25,0.25,0.5,15.53,1.93,2.04,3.16,0.64,0.12,0.25,2.29,14.07,12.34,9.93,0.05,0,2.01,0.48,0.67,0.71,0,0,0.2,0.25,0.89,0,1.9,,,,,,,,,,,,,,,,,,,,,,,,,,,,49.57,47.21,51.08,46.08,48.87,2.83,0.04,2.71,0.05,,,,,,,,,,2025-10-09
66.33,Eeli Tolvanen,$4200,W,,,SEA,ANA - L.Dostal,7.78,9.9,5.7,7.78,1.9,2F,2,4,0,2.4,50%,,,3.5,3.2,-128,6.5,34,-115,6.7,1.2,65%,34%,26%,82,,0%,0%,0%,1,0.28,0.15,0.43,14.33,1.8,1.69,2.68,0.63,0.16,0.8,2.49,12.1,13.07,8.54,0.01,0,0.81,0.16,0.26,0.61,0,0,0.26,0.15,0.29,0.03,2.04,,,,,,,,,,,,,,,,,,,,,,,,,,,,50.81,47.09,53.68,50.64,46.51,2.81,0.03,3.01,0.04,,,,,,,,,,2025-10-09
66.28,Chris Kreider,$5200,W,,,ANA,@SEA - J.Daccord,7.72,9.8,5.6,7.72,1.5,1F,1,2,0,0.1,7%,,,3.2,3.5,107,6.5,66,-105,7,-1.4,45%,17%,35%,73,,0%,0%,0%,2,0.32,0.12,0.44,16.71,1.58,2.22,3.11,0.71,0.15,0.38,2.6,10.43,12.35,7.25,0.04,0.01,2.94,0.72,1.05,0.69,0.01,0,0.26,0.1,0.35,0.03,2.38,,,,,,,,,,,,,,,,,,,,,,,,,,,,49,46.51,50.64,53.68,47.09,2.74,0.02,2.35,0.02,,,,,,,,,,2025-10-09
65.78,Brendan Gallagher,$2900,W,,,MTL,@DET - J.Gibson,5.8,7.4,4.2,5.8,2,2F,2,4,0,1.4,84%,,,3.1,3.5,114,6.5,6,110,6.7,1.4,70%,32%,21%,84,7.8,50%,0%,0%,2,0.24,0.23,0.47,14.01,2.01,1.84,2.79,0.66,0.13,0.45,2.3,12.09,12.42,8.13,0,0,1.51,0.19,0.32,0.59,0,0,0.24,0.23,0.44,0.05,1.76,0,1,1,13.53,4.43,1,1,1,0,1,2,8,20,0,0,0.77,0,8,2,1,1,1,0,13.53,0.77,0,0,48.66,45.98,48.47,49.34,46.36,2.85,0.02,2.28,0.01,49,,47,,2,0,,,,2025-10-09
65.62,Owen Tippett,$6100,W,,,PHI,@FLA - S.Bobrovsky,8.09,10.3,5.9,8.09,1.3,1F,1,6,0,-0.9,1%,,,2.3,3.4,184,5.5,6,200,9.1,-0.5,50%,30%,41%,80,,0%,0%,0%,2,0.26,0.3,0.56,15.99,2.1,2.44,3.79,0.64,0.11,0.82,3.26,13.03,12.99,9.32,0,0.01,1.92,0.28,0.42,0.68,0,0,0.26,0.29,0.21,0.01,1.94,,,,,,,,,,,,,,,,,,,,,,,,,,,,44.11,45.65,43.13,48.54,51.87,2.64,0.03,3.06,0.03,,41,,58,,,3,0,58,2025-10-09
65.47,Dawson Mercer,$3900,W,,,NJD,@CAR - F.Andersen,6.77,8.6,4.9,6.77,1.7,2F,1,2,0,0.1,32%,,,2.5,3.2,145,5.5,24,136,7.1,1,67%,25%,24%,83,,0%,0%,0%,2,0.25,0.19,0.44,17.98,1.47,1.75,2.68,0.66,0.14,0.72,2.47,13.38,13.74,9.38,0.04,0,1.65,0.32,0.43,0.73,0,0,0.21,0.19,0.28,0.02,1.9,,,,,,,,,,,,,,,,,,,,,,,,,,,,44.76,48.22,40.44,47.33,56.8,2.67,0.06,2.96,0.01,,,,,,,,,,2025-10-09
65.26,Luke Evangelista,$4100,W,,,NAS,CLB - J.Greaves,6.7,8.5,4.9,6.7,1.6,2F,2,4,0,1.2,7%,,,3.4,3.3,-115,6.5,10,-142,6.4,0.8,59%,27%,21%,84,,0%,0%,0%,1,0.15,0.32,0.47,13.87,2.03,1.97,2.64,0.75,0.07,0.19,2.16,12.49,10.68,9.13,0,0,1.3,0.15,0.23,0.64,0,0,0.15,0.32,0.32,0.03,2.22,,,,,,,,,,,,,,,,,,,,,,,,,,,,49.57,47.21,51.08,46.08,48.87,2.83,0.04,2.71,0.05,,,,,,,,,,2025-10-09
64.81,Patrik Laine,$4800,W,,,MTL,@DET - J.Gibson,6.67,8.5,4.8,6.67,1.4,4F,2,1,0,0.4,55%,,,3.1,3.5,114,6.5,6,110,9.1,0,36%,19%,25%,84,1.5,0%,50%,0%,2,0.36,0.25,0.62,14.19,2.62,2.24,3.19,0.7,0.16,0.53,2.76,8.71,11.62,5.92,0.02,0,2.92,1.24,1.65,0.75,0,0,0.35,0.25,0.33,0,1.26,0,0,0,12.85,,1,2,0.5,0,0,1,11,6,0,0,0.77,0,11,1,1,0,2,0,12.85,0.77,0,0,48.66,45.98,48.47,49.34,46.36,2.85,0.02,2.28,0.01,49,,47,,2,0,,,,2025-10-09
64.50,Taylor Hall,$3500,W,,,CAR,NJD - J.Markstrom,6.55,8.4,4.7,6.55,1.9,4F,2,2,0,-0.6,55%,,,3.2,2.5,-175,5.5,76,-162,7.4,0.7,61%,21%,22%,89,,0%,0%,0%,1,0.22,0.31,0.53,15.03,2.12,1.88,2.8,0.67,0.12,0.52,2.4,13.36,12.8,9.38,0,0.02,1.77,0.27,0.41,0.67,0,0,0.22,0.29,0.4,0.01,1.55,,,,,,,,,,,,,,,,,,,,,,,,,,,,52.49,56.8,47.33,40.44,48.22,3.11,0.04,2.85,0.04,,,,,,,,,,2025-10-09
64.49,Claude Giroux,$3500,W,,,OTT,@TB - A.Vasilevskiy,6.06,7.8,4.4,6.06,1.7,3F,2,2,0,0.6,84%,,,2.9,3.8,150,6.5,3,136,7.1,0.4,62%,24%,30%,89,,0%,0%,0%,2,0.18,0.45,0.63,18.16,2.08,1.67,2.34,0.71,0.11,0.48,2.15,13.29,11.77,9.43,0.01,0.01,2.34,0.41,0.61,0.67,0,0,0.17,0.44,0.21,0.02,1.69,,,,,,,,,,,,,,,,,,,,,,,,,,,,46.87,46.86,46.02,46.89,47.18,3.17,0.03,2.61,0.03,,,,,,,,,,2025-10-09
64.41,Jack Quinn,$3300,W,,,BUF,NYR - I.Shesterkin,6.46,8.2,4.7,6.46,2,3F,2,8,0,0.5,69%,,,3.3,3.4,-105,6.5,18,100,6.9,1.1,60%,23%,21%,78,,0%,0%,0%,2,0.21,0.33,0.54,14.8,2.19,1.71,2.82,0.61,0.12,0.32,2.03,11.16,12.04,8.09,0.01,0.06,2.18,0.45,0.67,0.68,0,0,0.19,0.28,0.25,0.01,1.69,,,,,,,,,,,,,,,,,,,,,,,,,,,,50.53,46.37,49.53,47.15,47.58,2.81,0.03,2.86,0.04,,56,,56,,,1,0,56,2025-10-09
64.36,Matvei Michkov,$6400,W,,,PHI,@FLA - S.Bobrovsky,9.06,11.4,6.7,9.06,1.4,2F,1,5,0,-1.9,8%,,,2.3,3.4,184,5.5,6,200,9.5,1.2,59%,30%,34%,81,,0%,0%,0%,2,0.33,0.46,0.79,16.68,2.84,2.5,3.43,0.73,0.13,0.29,2.79,12.68,13.66,9.38,0.01,0.04,2.82,0.55,0.78,0.71,0,0,0.31,0.43,0.58,0,1.89,,,,,,,,,,,,,,,,,,,,,,,,,,,,44.11,45.65,43.13,48.54,51.87,2.64,0.03,3.06,0.03,,41,,58,,,3,0,58,2025-10-09
64.11,Alex Killorn,$4100,W,,,ANA,@SEA - J.Daccord,5.89,7.5,4.2,5.89,1.4,3F,2,2,0,0.9,10%,,,3.2,3.5,107,6.5,66,-105,6,0.4,65%,27%,30%,84,,0%,0%,0%,2,0.23,0.22,0.45,17.28,1.56,1.62,2.41,0.67,0.14,0.28,1.9,13.12,12.57,9.41,0,0,2.01,0.19,0.29,0.64,0,0,0.23,0.22,0.37,0.04,1.77,,,,,,,,,,,,,,,,,,,,,,,,,,,,49,46.51,50.64,53.68,47.09,2.74,0.02,2.35,0.02,,,,,,,,,,2025-10-09
63.98,Reilly Smith,$4300,W,,,VGK,@SJ - A.Nedeljkovic,6.38,8.1,4.6,6.38,1.5,2F,2,3,0,0,3%,,,3.9,2.7,-214,6.5,89,-185,6.3,0.3,54%,23%,32%,85,2.8,0%,0%,0%,3,0.18,0.31,0.48,15.38,1.87,1.64,2.13,0.77,0.11,0.54,2.18,12.99,12.84,9.08,0.01,0.01,0.93,0.15,0.21,0.72,0,0,0.16,0.3,0.31,0.01,1.87,0,0,0,12.82,,1,1,1,0,1,2,13,10,0,0,1.1,0,13,2,1,1,1,0,12.82,1.1,0,0,52.43,52.2,52.6,49.21,44.74,2.3,0.02,3.14,0.04,51,,39,,6,0,,,,2025-10-09
63.72,Jonathan Drouin,$3800,W,,,NYI,@PIT - T.Jarry,6.75,8.6,4.9,6.75,1.8,1F,1,8,0,0,55%,,,3,2.7,-132,5.5,81,-120,7.2,0,29%,14%,21%,84,,0%,0%,0%,1,0.22,0.58,0.8,17.68,2.71,1.3,2.04,0.64,0.17,0.32,1.62,15.66,12.17,11.04,0,0,2.93,0.21,0.44,0.47,0,0,0.22,0.58,0.12,0,2.02,,,,,,,,,,,,,,,,,,,,,,,,,,,,51.99,49.47,48.96,49.68,48.81,2.56,0.01,2.65,0.03,,56,,56,,,2,0,56,2025-10-09
63.56,Jake Neighbours,$4600,W,,,STL,MIN - F.Gustavsson,6.14,7.9,4.4,6.14,1.3,3F,2,1,0,0.5,13%,,,2.9,2.7,-125,5.5,66,-110,7,0.2,56%,30%,32%,83,,0%,0%,0%,2,0.26,0.32,0.58,16.06,2.17,1.47,1.95,0.75,0.18,0.66,2.12,11.52,13.07,8.06,0.03,0.01,2.03,0.22,0.35,0.64,0,0,0.23,0.31,0.82,0.01,1.55,,,,,,,,,,,,,,,,,,,,,,,,,,,,48.69,44.93,51.6,47.48,46.83,2.49,0.04,2.47,0.04,,,,,,,,,,2025-10-09
63.40,Will Smith,$5100,W,,,SJ,VGK - A.Schmid,7.6,9.6,5.6,7.6,1.5,1F,1,4,0,0.9,7%,,,2.7,3.9,177,6.5,11,154,7,1.1,64%,28%,18%,85,,0%,0%,0%,3,0.24,0.36,0.61,15.85,2.31,1.73,2.53,0.68,0.14,0.22,1.95,12.57,14.1,9.06,0,0.01,2.1,0.29,0.49,0.59,0,0,0.24,0.35,0.24,0,1.94,,,,,,,,,,,,,,,,,,,,,,,,,,,,44,44.74,49.21,52.6,52.2,2.77,0.02,2.1,0.03,,39,,51,,,1,0,51,2025-10-09
63.40,Andre Burakovsky,$3600,W,,,CHI,@BOS - J.Korpisalo,5.6,7.2,4,5.6,1.6,1F,2,4,0,3.5,32%,,,2.5,3.1,135,5.5,21,124,5.4,0.7,69%,24%,18%,85,0,0%,33%,0%,3,0.13,0.34,0.47,14.42,1.96,1.46,2.07,0.7,0.09,0.33,1.78,11.85,12.86,8.31,0,0.03,1.67,0.22,0.3,0.71,0,0,0.13,0.32,0.15,0,1.7,0,0,0,15.67,,0,1,0,,0,0,9,21,0,0,1.88,0,9,0,0,0,1,0,15.67,1.88,0,0,46,41,48.44,51.6,43.48,2.33,0.05,2.88,0.03,41,51,58,49,3,0,5,0,49,2025-10-09
62.94,Viktor Arvidsson,$4700,W,,,BOS,CHI - A.Soderblom,7.96,10.1,5.8,7.96,1.7,2F,2,5,0,0.8,3%,,,3.1,2.5,-160,5.5,79,-148,6.9,-0.2,42%,21%,29%,104,1.5,0%,33%,0%,3,0.2,0.2,0.41,14.35,1.72,2.2,3.24,0.68,0.09,0.33,2.53,14.29,11.27,10.27,0,0,0.99,0.16,0.24,0.67,0,0,0.2,0.2,0.36,0.02,1.77,0,0,0,11.83,,1,3,0.33,0,0,1,12,13,0,0,1.17,0,12,1,1,0,3,0,11.83,1.17,0,0,51.94,43.48,51.6,48.44,41,2.78,0,2.76,0.06,49,58,51,41,2,0,2,0,41,2025-10-09
62.21,Josh Doan,$2800,W,,,BUF,NYR - I.Shesterkin,6.08,7.8,4.4,6.08,2.2,3F,2,8,0,0.5,55%,,,3.3,3.4,-105,6.5,18,100,5.6,-1.7,47%,16%,41%,53,,0%,0%,0%,2,0.14,0.24,0.38,13.58,1.68,1.76,2.82,0.62,0.08,0.28,2.04,13.26,9.57,9.4,0.02,0,1.43,0.27,0.33,0.81,0,0,0.12,0.24,0.16,0,1.72,,,,,,,,,,,,,,,,,,,,,,,,,,,,50.53,46.37,49.53,47.15,47.58,2.81,0.03,2.86,0.04,,56,,56,,,1,0,56,2025-10-09
61.83,Jackson Blake,$3300,W,,,CAR,NJD - J.Markstrom,6.06,7.8,4.4,6.06,1.8,2F,2,3,0,-0.2,48%,,,3.2,2.5,-175,5.5,76,-162,6.5,0.9,67%,33%,23%,95,,0%,0%,0%,1,0.21,0.21,0.42,14.33,1.76,1.76,2.67,0.66,0.12,0.33,2.08,13.51,9.16,9.38,0.04,0,2.47,0.48,0.6,0.79,0,0,0.17,0.21,0.48,0,1.86,,,,,,,,,,,,,,,,,,,,,,,,,,,,52.49,56.8,47.33,40.44,48.22,3.11,0.04,2.85,0.04,,,,,,,,,,2025-10-09
61.69,Tyler Seguin,$5200,W,,,DAL,@WPG - C.Hellebuyck,7.01,8.9,5.1,7.01,1.3,3F,2,1,0,-1.2,5%,,,2.8,2.8,-113,5.5,11,-110,9.4,0.6,24%,12%,11%,98,,0%,0%,0%,1,0.34,0.42,0.76,15.65,2.91,1.95,3.16,0.62,0.18,0.24,2.18,13.95,11.84,9.62,0,0.05,2.01,0.38,0.62,0.61,0,0,0.34,0.37,0.37,0.03,1.76,,,,,,,,,,,,,,,,,,,,,,,,,,,,47.91,47.31,47.66,49.08,47.98,3.06,0.03,2.52,0.04,,,,,,,,,,2025-10-09
61.32,Jordan Eberle,$3700,W,,,SEA,ANA - L.Dostal,7.14,9.1,5.2,7.14,1.9,1F,1,3,0,-1.4,39%,,,3.5,3.2,-128,6.5,34,-115,7.2,0.2,28%,15%,18%,82,,0%,0%,0%,1,0.22,0.39,0.61,16.27,2.25,1.59,2.48,0.64,0.14,0.59,2.17,11.56,13.54,8.18,0,0,2.41,0.17,0.27,0.64,0,0,0.22,0.39,0.34,0,2.17,,,,,,,,,,,,,,,,,,,,,,,,,,,,50.81,47.09,53.68,50.64,46.51,2.81,0.03,3.01,0.04,,,,,,,,,,2025-10-09
60.91,Anthony Mantha,$4200,W,,,PIT,NYI - I.Sorokin,6.51,8.3,4.7,6.51,1.6,2F,2,6,0,0.3,5%,,,2.7,3,110,5.5,19,100,6,0.2,11%,5%,3%,85,10.8,33%,0%,0%,3,0.29,0.29,0.57,14.03,2.44,1.29,2.21,0.58,0.22,0.64,1.93,12.5,12.43,8.93,0,0,1.92,0.07,0.29,0.25,0,0,0.29,0.29,0.79,0,2.33,0,1,1,15.68,3.83,3,3,1,0,1,4,22,14,0,0,1.17,0,22,4,3,1,3,0,15.68,1.17,0,0,52.07,48.81,49.68,48.96,49.47,2.66,0.06,2.23,0.03,56,,56,,1,0,,,,2025-10-09
60.85,Jeff Skinner,$3400,W,,,SJ,VGK - A.Schmid,6.66,8.5,4.8,6.66,2,3F,2,3,0,0,26%,,,2.7,3.9,177,6.5,11,154,6,-0.3,48%,14%,17%,102,,0%,0%,0%,3,0.22,0.18,0.4,12.95,1.85,1.99,2.83,0.7,0.11,0.32,2.31,12.27,11.14,8.7,0,0,1.19,0.19,0.25,0.78,0,0,0.22,0.18,0.34,0,1.56,,,,,,,,,,,,,,,,,,,,,,,,,,,,44,44.74,49.21,52.6,52.2,2.77,0.02,2.1,0.03,,39,,51,,,1,0,51,2025-10-09
60.84,Marcus Johansson,$3000,W,,,MIN,@STL - J.Binnington,4.8,6.2,3.4,4.8,1.6,3F,2,2,0,-0.5,55%,,,2.7,2.9,105,5.5,34,-110,6,1.2,60%,25%,14%,89,,0%,0%,0%,1,0.14,0.32,0.47,16.23,1.74,1.64,2.46,0.67,0.09,0.36,2,13.51,14.44,9.5,0,0.01,1.25,0.14,0.18,0.77,0,0,0.14,0.31,0.16,0.03,1.64,,,,,,,,,,,,,,,,,,,,,,,,,,,,47.58,46.83,47.48,51.6,44.93,2.49,0.02,2.41,0.04,,,,,,,,,,2025-10-09
60.77,Ross Colton,$3600,W,,,COL,UTA - K.Vejmelka,5.18,6.7,3.7,5.18,1.4,3F,2,2,0,-0.1,64%,,,3.8,2.9,-185,6.5,94,-162,8,0.5,44%,16%,20%,87,1.5,0%,33%,0%,3,0.25,0.2,0.45,14.18,1.9,2.02,3.25,0.62,0.12,0.66,2.67,12.19,11.19,8.39,0.05,0,1.66,0.36,0.55,0.66,0,0,0.2,0.2,0.28,0.03,1.48,0,0,0,11.28,,1,2,0.5,0,0,1,8,11,0,0,1.48,0,8,1,1,0,2,0,11.28,1.48,0,0,44.66,52.08,45.1,44.17,50.94,2.88,0.03,3.03,0.03,39,,48,,6,0.17,,,,2025-10-09
60.68,Nino Niederreiter,$3800,W,,,WPG,DAL - J.Oettinger,7.23,9.2,5.3,7.23,1.9,3F,2,1,0,-0.3,13%,,,2.8,2.8,-106,5.5,89,-110,6.2,0.6,62%,24%,29%,91,,0%,0%,0%,1,0.22,0.23,0.45,14.94,1.81,1.83,2.7,0.68,0.12,0.45,2.28,12.49,12.78,9.21,0,0.01,1.42,0.2,0.31,0.64,0,0,0.22,0.22,0.36,0.03,1.8,,,,,,,,,,,,,,,,,,,,,,,,,,,,48.96,47.98,49.08,47.66,47.31,2.78,0.03,2.86,0.02,,,,,,,,,,2025-10-09
60.68,Ridly Greig,$3000,W,,,OTT,@TB - A.Vasilevskiy,5.62,7.2,4,5.62,1.9,3F,2,2,0,0.6,64%,,,2.9,3.8,150,6.5,3,136,5.9,0.7,62%,27%,20%,88,,0%,0%,0%,2,0.17,0.25,0.42,17.15,1.47,1.52,2.49,0.61,0.11,0.58,2.11,11.99,13.29,8.59,0,0,1.77,0.35,0.45,0.76,0,0,0.17,0.25,0.81,0.01,1.61,,,,,,,,,,,,,,,,,,,,,,,,,,,,46.87,46.86,46.02,46.89,47.18,3.17,0.03,2.61,0.03,,,,,,,,,,2025-10-09
60.62,Zachary Bolduc,$3400,W,,,MTL,@DET - J.Gibson,7.16,9.1,5.2,7.16,2.1,2F,1,4,0,1.4,64%,,,3.1,3.5,114,6.5,6,110,6.6,1.3,65%,28%,16%,84,13,50%,0%,50%,2,0.25,0.23,0.48,12.86,2.24,1.61,2.63,0.61,0.16,0.48,2.09,9.51,9.64,6.59,0,0.01,1.48,0.5,0.66,0.76,0,0,0.25,0.21,0.66,0,2.39,1,0,1,13.57,4.42,3,3,1,0.33,0,3,8,17,0,0,3.08,1,8,3,3,0,3,1,13.57,3.08,0,0,48.66,45.98,48.47,49.34,46.36,2.85,0.02,2.28,0.01,49,,47,,2,0,,,,2025-10-09
59.81,Tyson Foerster,$4500,W,,,PHI,@FLA - S.Bobrovsky,6.48,8.3,4.7,6.48,1.4,3F,2,4,0,-0.3,10%,,,2.3,3.4,184,5.5,6,200,7.6,1.7,63%,31%,25%,80,,0%,0%,0%,2,0.31,0.22,0.53,16.86,1.89,1.74,2.69,0.65,0.18,0.67,2.41,11.11,12.41,7.97,0.01,0,1.99,0.32,0.47,0.69,0,0,0.3,0.22,0.6,0.01,1.44,,,,,,,,,,,,,,,,,,,,,,,,,,,,44.11,45.65,43.13,48.54,51.87,2.64,0.03,3.06,0.03,,41,,58,,,3,0,58,2025-10-09
59.77,M. Samoskevich,$3300,W,,,FLA,PHI - D.Vladar,6.5,8.3,4.7,6.5,2,3F,2,4,0,1,64%,,,3.4,2.3,-225,5.5,94,-245,6.9,0.9,63%,27%,14%,85,16.2,66%,33%,33%,3,0.2,0.25,0.45,13.23,2.04,1.78,2.99,0.59,0.11,0.42,2.2,11.54,10.15,8.44,0,0,1.72,0.54,0.76,0.7,0,0,0.2,0.25,0.21,0,1.16,0,2,2,11.3,10.62,0,0,,,0,0,8,13,0,0,1.13,0,8,0,0,0,0,0,11.3,1.13,0,0,52.67,51.87,48.54,43.13,45.65,2.93,0.03,2.49,0.04,58,,41,,2,0,,,,2025-10-09
59.76,Andrew Copp,$2800,W,,,DET,MTL - J.Dobes,5.45,7,3.9,5.45,1.9,3F,2,3,0,0.5,69%,,,3.5,3.1,-135,6.5,94,-130,5.4,0.9,50%,22%,15%,80,,0%,0%,0%,2,0.18,0.23,0.41,14.7,1.67,1.21,1.79,0.68,0.15,0.63,1.84,10.98,13,7.96,0,0,0.44,0.09,0.17,0.5,0,0,0.18,0.23,0.14,0.04,1.88,,,,,,,,,,,,,,,,,,,,,,,,,,,,47.5,46.36,49.34,48.47,45.98,2.89,0.05,3.09,0.04,,47,,49,,,2,0,49,2025-10-09
59.72,Jimmy Snuggerud,$3500,W,,,STL,MIN - F.Gustavsson,6.56,8.4,4.7,6.56,1.9,1F,1,3,0,-0.2,69%,,,2.9,2.7,-125,5.5,66,-110,6.9,1.4,46%,23%,15%,13,,0%,0%,0%,2,0.21,0.36,0.57,16.28,2.1,1.57,3,0.52,0.14,0.5,2.07,10.86,13.71,7.29,0,0,2.75,0.75,1.25,0.6,0,0,0.21,0.36,0,0,2.02,,,,,,,,,,,,,,,,,,,,,,,,,,,,48.69,44.93,51.6,47.48,46.83,2.49,0.04,2.47,0.04,,,,,,,,,,2025-10-09
59.33,Victor Olofsson,$2800,W,,,COL,UTA - K.Vejmelka,5.05,6.5,3.6,5.05,1.8,3F,2,3,0,-0.1,84%,,,3.8,2.9,-185,6.5,94,-162,7.1,0.6,36%,17%,30%,86,1.5,33%,0%,0%,3,0.26,0.25,0.51,14.65,2.09,1.91,2.8,0.68,0.14,0.31,2.22,12.67,10.98,8.74,0,0,1.38,0.41,0.48,0.86,0,0,0.26,0.25,0.25,0,1.47,0,0,0,11.38,,1,1,1,0,0,1,7,8,0,0,2.22,0,7,1,1,0,1,0,11.38,2.22,0,0,44.66,52.08,45.1,44.17,50.94,2.88,0.03,3.03,0.03,39,,48,,6,0.17,,,,2025-10-09
59.09,Jani Nyman,$3500,W,,,SEA,ANA - L.Dostal,4.43,5.7,3.1,4.43,1.3,4F,,0,0,0.4,32%,,,3.5,3.2,-128,6.5,34,-115,6.9,1.8,57%,28%,28%,14,,0%,0%,0%,1,0.25,0.25,0.5,13.99,2.15,1.83,3.42,0.54,0.14,0.58,2.42,10.55,13.36,7.82,0.08,0.08,2.42,0.55,0.82,0.67,0,0,0.17,0.17,0.33,0,1.44,,,,,,,,,,,,,,,,,,,,,,,,,,,,50.81,47.09,53.68,50.64,46.51,2.81,0.03,3.01,0.04,,,,,,,,,,2025-10-09
59.05,M. Brandsegg-Nygard,$2500,W,,,DET,MTL - J.Dobes,4.99,6.4,3.5,4.99,2,3F,2,3,0,0.5,26%,,,3.5,3.1,-135,6.5,94,-130,,,0%,0%,0%,2,,0%,0%,0%,2,,,,,,,,,,,,,,,,,,,,,,,,,,,1.93,,,,,,,,,,,,,,,,,,,,,,,,,,,,47.5,46.36,49.34,48.47,45.98,2.89,0.05,3.09,0.04,,47,,49,,,2,0,49,2025-10-09
58.57,Eetu Luostarinen,$3000,W,,,FLA,PHI - D.Vladar,5.71,7.3,4.1,5.71,1.9,2F,,0,0,0.4,84%,,,3.4,2.3,-225,5.5,94,-245,5.5,0.7,62%,28%,18%,88,15.8,66%,0%,66%,3,0.13,0.29,0.42,15.36,1.64,1.15,1.8,0.64,0.11,0.83,1.98,12.09,11.51,8.47,0,0,0.44,0.05,0.1,0.5,0,0,0.13,0.29,0.51,0.02,1.8,0,0,0,19.65,,2,2,1,0,1,3,16,15,0,0,0,0,16,3,2,1,2,0,19.65,0,0,0,52.67,51.87,48.54,43.13,45.65,2.93,0.03,2.49,0.04,58,,41,,2,0,,,,2025-10-09
58.54,Kiefer Sherwood,$3700,W,,,VAN,CGY - D.Cooley,5.79,7.4,4.2,5.79,1.6,4F,,0,0,0.6,84%,,,3.3,2.3,-210,5.5,71,-198,7.1,1.5,60%,32%,27%,83,,0%,0%,0%,2,0.24,0.27,0.51,14.89,2.06,1.81,2.72,0.67,0.13,0.38,2.19,11.7,11.35,7.99,0,0.01,0.82,0.1,0.16,0.58,0,0,0.24,0.26,0.45,0.03,1.5,,,,,,,,,,,,,,,,,,,,,,,,,,,,45.74,44.69,47.81,45.72,51.08,2.75,0.03,2.77,0.03,,45,,40,,,4,0.25,40,2025-10-09
58.35,Thomas Novak,$3200,W,,,PIT,NYI - I.Sorokin,6.23,8,4.5,6.23,1.9,3F,2,2,0,0.4,39%,,,2.7,3,110,5.5,19,100,6.1,1.1,50%,24%,14%,81,2.8,0%,0%,0%,3,0.24,0.16,0.4,13.21,1.82,1.67,2.25,0.74,0.14,0.49,2.16,12.33,10.61,8.78,0,0,1.37,0.33,0.38,0.88,0,0,0.24,0.16,0.07,0,1.43,0,0,0,12.13,,1,1,1,0,1,2,8,14,0,0,0,0,8,2,1,1,1,0,12.13,0,0,0,52.07,48.81,49.68,48.96,49.47,2.66,0.06,2.23,0.03,56,,56,,1,0,,,,2025-10-09
57.93,Gustav Nyquist,$3600,W,,,WPG,DAL - J.Oettinger,5.34,6.9,3.8,5.34,1.5,2F,2,2,0,0.5,50%,,,2.8,2.8,-106,5.5,89,-110,4.5,-1.2,46%,17%,45%,84,,0%,0%,0%,1,0.13,0.2,0.33,16.45,1.2,1.22,2.06,0.59,0.11,0.4,1.62,12.7,12.33,9.14,0,0,1.57,0.2,0.3,0.67,0,0.01,0.13,0.19,0.19,0.05,1.71,,,,,,,,,,,,,,,,,,,,,,,,,,,,48.96,47.98,49.08,47.66,47.31,2.78,0.03,2.86,0.02,,,,,,,,,,2025-10-09
57.59,Ilya Mikheyev,$3200,W,,,CHI,@BOS - J.Korpisalo,5.25,6.8,3.7,5.25,1.6,3F,,0,0,0.6,74%,,,2.5,3.1,135,5.5,21,124,6,0.8,70%,27%,22%,80,2.8,0%,0%,0%,3,0.25,0.18,0.43,15.63,1.65,1.73,2.27,0.76,0.14,0.2,1.93,10.47,12.01,7.49,0,0,0.19,0,0.03,0,0,0,0.25,0.18,0.2,0.03,1.29,0,0,0,17.12,,1,1,1,0,1,2,6,16,0,0,0.07,0,6,2,1,1,1,0,17.12,0.07,0,0,46,41,48.44,51.6,43.48,2.33,0.05,2.88,0.03,41,51,58,49,3,0,5,0,49,2025-10-09
57.27,Alex Newhook,$2700,W,,,MTL,@DET - J.Gibson,4.19,5.4,2.9,4.19,1.6,3F,,1,0,1.4,69%,,,3.1,3.5,114,6.5,6,110,4.9,0.3,67%,26%,21%,84,1.5,50%,0%,0%,2,0.18,0.14,0.32,15.16,1.27,1.44,2.44,0.59,0.13,0.39,1.83,11.98,13.51,8.31,0,0,1.57,0.22,0.36,0.6,0,0,0.18,0.14,0.32,0,1.32,0,0,0,15.25,,1,2,0.5,0,0,1,8,13,0,0,0.2,0,8,1,1,0,2,0,15.25,0.2,0,0,48.66,45.98,48.47,49.34,46.36,2.85,0.02,2.28,0.01,49,,47,,2,0,,,,2025-10-09
57.05,Joakim Kemell,$3500,W,,,NAS,CLB - J.Greaves,3.87,5.1,2.6,3.87,1.1,4F,,2,0,0.1,50%,,,3.4,3.3,-115,6.5,10,-142,2.8,-0.5,50%,0%,0%,2,,0%,0%,0%,1,0,0,0,10.34,,4,4.5,0.89,0,0.5,4.5,6,8,4.5,0,0,0.65,1,1,1,0,0,0,0,0,0,2.5,,,,,,,,,,,,,,,,,,,,,,,,,,,,49.57,47.21,51.08,46.08,48.87,2.83,0.04,2.71,0.05,,,,,,,,,,2025-10-09
57.01,V. Tarasenko,$3200,W,,,MIN,@STL - J.Binnington,6.53,8.3,4.7,6.53,2,2F,1,3,0,-0.5,64%,,,2.7,2.9,105,5.5,34,-110,5.4,-0.5,56%,15%,31%,79,,0%,0%,0%,1,0.14,0.28,0.41,14.79,1.66,1.66,2.58,0.64,0.08,0.44,2.1,11.3,13.07,7.95,0,0.01,1.49,0.3,0.43,0.69,0,0,0.14,0.26,0.1,0.01,1.84,,,,,,,,,,,,,,,,,,,,,,,,,,,,47.58,46.83,47.48,51.6,44.93,2.49,0.02,2.41,0.04,,,,,,,,,,2025-10-09
56.82,Simon Holmstrom,$3900,W,,,NYI,@PIT - T.Jarry,5.58,7.2,4,5.58,1.4,3F,,0,0,0.2,16%,,,3,2.7,-132,5.5,81,-120,7.1,1.7,60%,30%,21%,79,,0%,0%,0%,1,0.27,0.33,0.6,16.87,2.13,1.28,2.21,0.58,0.21,0.73,2.01,13.12,13.18,9.38,0,0,1.88,0.24,0.32,0.75,0,0.03,0.27,0.31,0.11,0.05,1.23,,,,,,,,,,,,,,,,,,,,,,,,,,,,51.99,49.47,48.96,49.68,48.81,2.56,0.01,2.65,0.03,,56,,56,,,2,0,56,2025-10-09
56.76,Brett Howden,$3400,W,,,VGK,@SJ - A.Nedeljkovic,4.93,6.4,3.5,4.93,1.5,4F,,0,0,0.1,16%,,,3.9,2.7,-214,6.5,89,-185,6.5,1.7,63%,29%,27%,91,0,0%,33%,0%,3,0.28,0.18,0.47,14.72,1.92,1.52,2.27,0.67,0.19,0.68,2.21,12.46,12.96,9.06,0.01,0,0.13,0.04,0.05,0.75,0,0,0.27,0.18,0.54,0.07,0.79,0,0,0,13.38,,0,1,0,,0,0,11,10,0,0,0.85,0,11,0,0,0,1,0,13.38,0.85,0,0,52.43,52.2,52.6,49.21,44.74,2.3,0.02,3.14,0.04,51,,39,,6,0,,,,2025-10-09
55.73,Y. Sharangovich,$3700,W,,,CGY,@VAN - T.Demko,5.26,6.8,3.8,5.26,1.4,4F,2,1,0,-0.5,10%,,,2.3,3.3,172,5.5,29,164,6.4,-0.3,47%,22%,39%,86,1.3,0%,33%,0%,3,0.23,0.2,0.43,16.61,1.55,1.73,2.78,0.62,0.13,0.43,2.16,13.51,12.19,9.25,0,0,2.14,0.36,0.58,0.62,0,0,0.23,0.2,0.11,0.04,0.85,0,0,0,12.78,,0,0,,,1,1,7,7,0,0,1.42,0,7,1,0,1,0,0,12.78,1.42,0,0,45.13,51.08,45.72,47.81,44.69,2.9,0.02,2.73,0.01,40,,45,,4,0,,,,2025-10-09
55.49,Beckett Sennecke,$2500,W,,,ANA,@SEA - J.Daccord,5.75,7.4,4.1,5.75,2.3,2F,2,3,0,-0.1,26%,,,3.2,3.5,107,6.5,66,-105,,,0%,0%,0%,2,,0%,0%,0%,2,,,,,,,,,,,,,,,,,,,,,,,,,,,2,,,,,,,,,,,,,,,,,,,,,,,,,,,,49,46.51,50.64,53.68,47.09,2.74,0.02,2.35,0.02,,,,,,,,,,2025-10-09
55.23,Drew O'Connor,$2800,W,,,VAN,CGY - D.Cooley,5.59,7.2,4,5.59,2,4F,,0,0,0.6,55%,,,3.3,2.3,-210,5.5,71,-198,5.1,0,54%,23%,36%,86,,0%,0%,0%,2,0.12,0.18,0.3,14.46,1.24,1.39,2.44,0.57,0.09,0.68,2.07,12.87,12,9.15,0,0,0.22,0.07,0.09,0.71,0,0,0.12,0.18,0.4,0.01,1.29,,,,,,,,,,,,,,,,,,,,,,,,,,,,45.74,44.69,47.81,45.72,51.08,2.75,0.03,2.77,0.03,,45,,40,,,4,0.25,40,2025-10-09
54.79,Mason Appleton,$2700,W,,,DET,MTL - J.Dobes,4.48,5.8,3.2,4.48,1.7,4F,,0,0,0.4,55%,,,3.5,3.1,-135,6.5,94,-130,4.7,0.2,57%,18%,25%,90,,0%,0%,0%,2,0.12,0.23,0.35,14.83,1.42,1.48,2.16,0.68,0.08,0.43,1.9,13.18,13.36,9.62,0,0.01,0.36,0.04,0.09,0.43,0,0,0.12,0.21,0.43,0.02,0.99,,,,,,,,,,,,,,,,,,,,,,,,,,,,47.5,46.36,49.34,48.47,45.98,2.89,0.05,3.09,0.04,,47,,49,,,2,0,49,2025-10-09
54.76,Brandon Saad,$3600,W,,,VGK,@SJ - A.Nedeljkovic,5.45,7,3.9,5.45,1.5,3F,,1,0,2.5,8%,,,3.9,2.7,-214,6.5,89,-185,5.9,0.6,50%,19%,29%,88,1.3,0%,0%,0%,3,0.16,0.23,0.4,14.74,1.63,1.73,2.45,0.7,0.09,0.28,2.01,13.81,11.9,9.69,0,0.01,0.65,0.05,0.08,0.67,0,0,0.16,0.22,0.1,0,1.15,0,0,0,11.67,,0,0,,,1,1,13,5,0,0,0,0,13,1,0,1,0,0,11.67,0,0,0,52.43,52.2,52.6,49.21,44.74,2.3,0.02,3.14,0.04,51,,39,,6,0,,,,2025-10-09
53.69,Elmer Soderblom,$3000,W,,,DET,MTL - J.Dobes,4.75,6.1,3.4,4.75,1.6,4F,,0,0,0.4,55%,,,3.5,3.1,-135,6.5,94,-130,5.9,1.1,54%,28%,8%,35,,0%,0%,0%,2,0.15,0.27,0.42,13.37,1.88,1.46,2.64,0.55,0.11,0.46,1.92,12.38,12.75,9.04,0,0,0.39,0,0.04,0,0,0,0.15,0.27,0.23,0,0.98,,,,,,,,,,,,,,,,,,,,,,,,,,,,47.5,46.36,49.34,48.47,45.98,2.89,0.05,3.09,0.04,,47,,49,,,2,0,49,2025-10-09
53.63,Alex Iafallo,$3100,W,,,WPG,DAL - J.Oettinger,6.79,8.7,4.9,6.79,2.2,3F,1,2,0,-0.3,39%,,,2.8,2.8,-106,5.5,89,-110,5.6,1,74%,26%,15%,89,,0%,0%,0%,1,0.17,0.18,0.35,13.67,1.54,1.33,1.92,0.69,0.13,0.74,2.06,8.9,9.31,6.58,0.01,0,1.52,0.42,0.47,0.9,0,0,0.16,0.18,0.26,0,1.55,,,,,,,,,,,,,,,,,,,,,,,,,,,,48.96,47.98,49.08,47.66,47.31,2.78,0.03,2.86,0.02,,,,,,,,,,2025-10-09
53.60,Gage Goncalves,$2600,W,,,TB,OTT - L.Ullmark,4.14,5.4,2.9,4.14,1.6,2F,2,4,0,0.1,74%,,,3.8,2.9,-180,6.5,97,-162,4.5,0.2,60%,23%,23%,69,,0%,0%,0%,2,0.14,0.23,0.37,13.11,1.69,1,1.53,0.66,0.14,0.37,1.37,11.07,11.22,7.9,0,0,0.68,0.09,0.1,0.83,0,0,0.14,0.23,0.25,0,1.72,,,,,,,,,,,,,,,,,,,,,,,,,,,,47.46,47.18,46.89,46.02,46.86,2.9,0.07,2.78,0.04,,,,,,,,,,2025-10-09
53.50,Evgenii Dadonov,$3100,W,,,NJD,@CAR - F Andersen,4.93,6.4,3.5,4.93,1.6,1F,2,3,0,-0.7,64%,,,2.5,3.2,145,5.5,24,136,6.2,1.1,62%,23%,22%,98,,0%,0%,0%,2,0.22,0.24,0.46,13.22,2.09,1.45,2.28,0.63,0.15,0.48,1.93,11.41,12.3,7.92,0.01,0,0.77,0.16,0.28,0.56,0,0,0.21,0.24,0.13,0.01,1.88,,,,,,,,,,,,,,,,,,,,,,,,,,,,44.76,48.22,40.44,47.33,56.8,2.67,0.06,2.96,0.01,,,,,,,,,,2025-10-09
53.40,Jordan Martinook,$3000,W,,,CAR,NJD - J Markstrom,4.84,6.2,3.4,4.84,1.6,3F,,0,0,-0.4,55%,,,3.2,2.5,-175,5.5,76,-162,6.3,1.4,62%,28%,23%,96,,0%,0%,0%,1,0.17,0.28,0.45,15.47,1.75,1.35,2.49,0.54,0.13,0.7,2.05,14.99,10.64,10.68,0,0,0.07,0,0.06,0,0,0,0.17,0.28,0.28,0.03,1.38,,,,,,,,,,,,,,,,,,,,,,,,,,,,52.49,56.8,47.33,40.44,48.22,3.11,0.04,2.85,0.04,,,,,,,,,,2025-10-09
53.34,Philipp Kurashev,$2700,W,,,SJ,VGK - A Schmid,5.33,6.9,3.8,5.33,2,1F,2,5,0,0.9,48%,,,2.7,3.9,177,6.5,11,154,3.9,-0.5,37%,11%,20%,81,,0%,0%,0%,3,0.14,0.14,0.28,13.54,1.24,1.06,1.71,0.62,0.13,0.32,1.38,9.73,12.56,7.04,0,0,0.38,0.12,0.22,0.56,0,0,0.14,0.14,0.28,0,1.6,,,,,,,,,,,,,,,,,,,,,,,,,,,,44,44.74,49.21,52.6,52.2,2.77,0.02,2.1,0.03,,39,,51,,,1,0,51,2025-10-09
53.10,Bobby Brink,$3300,W,,,PHI,@FLA - S Bobrovsky,4.75,6.1,3.4,4.75,1.4,3F,2,5,0,-0.3,48%,,,2.3,3.4,184,5.5,6,200,5.7,0.5,62%,27%,29%,81,,0%,0%,0%,2,0.15,0.37,0.52,14.83,2.1,1.33,1.96,0.68,0.11,0.38,1.71,10.43,11.47,7.57,0,0,2.02,0.25,0.44,0.58,0,0,0.15,0.37,0.28,0,1.24,,,,,,,,,,,,,,,,,,,,,,,,,,,,44.11,45.65,43.13,48.54,51.87,2.64,0.03,3.06,0.03,,41,,58,,,3,0,58,2025-10-09
53.08,Ivan Demidov,$4500,W,,,MTL,@DET - J Gibson,6.43,8.2,4.7,6.43,1.4,3F,2,2,0,1.4,13%,,,3.1,3.5,114,6.5,6,110,4.6,0.2,27%,18%,36%,11,0,0%,50%,0%,2,0.13,0.38,0.5,14.14,2.12,0.88,2,0.44,0.14,0.25,1.13,9.88,9.88,6.25,0,0,2.47,0.25,0.63,0.4,0,0,0.13,0.38,0.25,0,0.98,0,0,0,13.35,,0,1,0,,0,0,9,12,0,0,0.92,0,9,0,0,0,1,0,13.35,0.92,0,0,48.66,45.98,48.47,49.34,46.36,2.85,0.02,2.28,0.01,49,,47,,2,0,,,,2025-10-09
52.31,Nikita Chibrikov,$5000,W,,,WPG,DAL - J Oettinger,4.6,5.9,3.3,4.6,0.9,2F,,0,0,0.5,0%,,,2.8,2.8,-106,5.5,89,-110,5.3,0.7,33%,16%,16%,6,,0%,0%,0%,1,0.5,0.25,0.75,11.41,3.95,1.5,2,0.75,0.33,1,2.5,9.33,12.33,7.33,0,0,1.09,0.33,0.33,1,0,0,0.5,0.25,0,0,1.7,,,,,,,,,,,,,,,,,,,,,,,,,,,,48.96,47.98,49.08,47.66,47.31,2.78,0.03,2.86,0.02,,,,,,,,,,2025-10-09
52.17,Maxim Tsyplakov,$4000,W,,,NYI,@PIT - T Jarry,4.31,5.6,3,4.31,1.1,4F,,0,0,-0.1,5%,,,3,2.7,-132,5.5,81,-120,5.8,0.5,58%,28%,30%,81,,0%,0%,0%,1,0.13,0.32,0.45,14.97,1.8,1.49,2.5,0.6,0.09,0.52,2.01,13.53,12.63,9.75,0,0,1.56,0.12,0.25,0.47,0,0,0.13,0.32,0.51,0,1,,,,,,,,,,,,,,,,,,,,,,,,,,,,51.99,49.47,48.96,49.68,48.81,2.56,0.01,2.65,0.03,,56,,56,,,2,0,56,2025-10-09
52.13,Colton Dach,$2700,W,,,CHI,@BOS - J Korpisalo,5.1,6.6,3.6,5.1,1.9,1F,2,5,0,3.5,55%,,,2.5,3.1,135,5.5,21,124,3.8,0,40%,12%,10%,40,1.5,33%,0%,0%,3,0.08,0.19,0.27,12.18,1.33,1.08,1.56,0.69,0.07,0.46,1.54,8.6,12.16,6.36,0,0,0.59,0.21,0.21,1,0,0,0.08,0.19,0.65,0,1.97,0,0,0,13.48,,1,1,1,0,0,1,9,9,0,0,1.88,0,9,1,1,0,1,0,13.48,1.88,0,0,46,41,48.44,51.6,43.48,2.33,0.05,2.88,0.03,41,51,58,49,3,0,5,0,49,2025-10-09
52.01,Zach Aston-Reese,$2500,W,,,CLB,@NAS - J Saros,4.33,5.6,3.1,4.33,1.7,4F,,0,0,0.3,26%,,,3.3,3.4,-105,6.5,90,120,4.2,0.4,74%,25%,9%,81,,0%,0%,0%,1,0.09,0.14,0.23,13.51,1.02,1.28,1.77,0.72,0.07,0.73,2.01,10.89,12.33,7.6,0,0,0.11,0,0,,0,0,0.09,0.14,0.37,0,1.12,,,,,,,,,,,,,,,,,,,,,,,,,,,,47.9,48.87,46.08,51.08,47.21,2.22,0.02,2.99,0.02,,,,,,,,,,2025-10-09
51.93,Mathieu Olivier,$2900,W,,,CLB,@NAS - J Saros,4.74,6.1,3.4,4.74,1.6,3F,,0,0,-0.2,69%,,,3.3,3.4,-105,6.5,90,120,6.2,1.9,73%,33%,21%,83,,0%,0%,0%,1,0.22,0.17,0.39,14.37,1.63,1.35,1.87,0.72,0.16,0.96,2.31,11.37,13.8,7.93,0,0,0.24,0.01,0.03,0.5,0,0,0.22,0.17,1.7,0.01,1.41,,,,,,,,,,,,,,,,,,,,,,,,,,,,47.9,48.87,46.08,51.08,47.21,2.22,0.02,2.99,0.02,,,,,,,,,,2025-10-09
